t_s,vram_mib,gpu_util_pct,cpu_pct,ram_mib
0.0,1338,32,7.8,8552
1.0,1339,33,2.6,8553
2.0,1346,34,4.2,8602
3.1,1345,15,1.2,8608
4.1,1341,25,0.7,8619
5.1,1337,26,1.6,8674
6.1,1337,28,1.0,8675
7.1,1338,29,3.5,8671
8.2,1337,32,1.6,8669
9.2,1337,32,1.9,8671
10.2,1337,34,1.7,8656
11.2,1337,37,1.4,8665
12.2,1337,17,2.8,8665
13.3,1337,15,1.8,8674
14.3,1337,24,2.0,8670
15.3,1337,26,2.2,8706
16.3,1336,28,1.9,8706
17.3,1331,30,1.4,8717
18.4,1331,32,2.4,8736
19.4,1331,32,3.4,8749
20.4,1323,32,2.7,8744
21.4,1323,34,2.4,8744
22.4,1321,65,2.2,8738
23.5,1323,15,2.4,8760
24.5,1322,24,2.3,8774
25.5,1321,27,2.5,8785
26.5,1316,26,2.7,8790
27.5,1316,30,4.1,8694
28.5,1313,30,3.5,8686
29.6,1313,32,2.1,8701
30.6,1313,32,2.6,8679
31.6,1313,34,3.4,8686
32.6,1313,15,3.9,8678
33.7,1313,15,4.4,8675
34.7,1313,26,4.1,8690
35.7,1313,26,5.7,8632
36.7,1320,27,4.9,8631
37.7,1324,30,4.5,8627
38.8,1351,32,5.3,8610
39.8,1348,33,6.4,8760
40.8,1362,31,4.0,8769
41.8,1352,34,4.4,8779
42.8,1334,36,3.7,8767
43.9,1334,64,4.3,8739
44.9,1324,16,4.0,8753
45.9,1324,25,4.4,8734
46.9,1343,26,7.6,8748
47.9,1357,31,4.4,8739
49.0,1369,33,4.9,8743
50.0,1388,37,5.1,8726
51.0,1386,40,8.9,8884
52.0,1389,39,4.6,8857
53.0,1376,31,3.5,8861
54.1,1370,34,2.2,8871
55.1,1370,34,4.4,8890
56.1,1357,36,4.5,8886
57.1,1327,35,3.7,8898
58.1,1345,34,5.2,8896
59.2,1345,32,7.7,8742
60.2,1346,33,6.9,8728
61.2,1358,32,4.7,8725
62.2,1356,31,3.6,8717
63.2,1352,34,4.1,8720
64.3,1352,37,4.6,8734
65.3,1335,36,4.4,8725
66.3,1344,35,7.2,8794
67.3,1345,36,5.3,8758
68.4,1364,36,4.8,8779
69.4,1361,35,3.5,8805
70.4,1359,35,3.7,8780
71.4,1359,38,2.6,8772
72.4,1342,37,2.4,8760
73.4,1324,37,2.5,8774
74.5,1324,38,3.2,8773
75.5,1324,38,3.5,8762
76.5,1325,46,4.2,8776
77.5,1344,34,4.1,8779
78.5,1372,34,6.5,8804
79.6,1369,31,5.0,8817
80.6,1365,30,4.4,8838
81.6,1365,31,4.8,8852
82.6,1365,32,5.1,8847
83.6,1353,34,4.1,8838
84.7,1352,35,4.4,8841
85.7,1348,45,4.9,8845
86.7,1337,31,3.9,8836
87.7,1337,35,3.8,8849
88.7,1337,35,4.3,8833
89.8,1337,36,3.8,8821
90.8,1338,36,4.2,8845
91.8,1347,39,4.8,8849
92.8,1347,31,4.3,8832
93.8,1342,31,3.5,8814
94.9,1342,31,4.5,8802
95.9,1342,39,4.5,8821
96.9,1342,32,3.9,8830
97.9,1342,33,4.5,8823
98.9,1342,39,4.6,8803
100.0,1342,32,3.5,8803
101.0,1334,36,4.7,8788
102.0,1334,36,3.8,8779
103.0,1333,36,3.3,8793
104.0,1333,36,4.1,8810
105.1,1333,38,3.0,8822
106.1,1333,36,3.7,8822
107.1,1333,40,4.3,8796
108.1,1334,41,3.4,8791
109.1,1336,36,3.8,8781
110.2,1336,37,4.9,8782
111.2,1345,33,4.0,8802
112.2,1365,35,7.6,8808
113.2,1367,32,3.9,8817
114.2,1364,33,4.0,8829
115.3,1363,34,4.4,8834
116.3,1363,36,3.4,8825
117.3,1344,35,3.9,8820
118.3,1335,36,5.2,8816
119.3,1335,37,3.5,8805
120.4,1335,37,3.7,8801
121.4,1335,39,4.7,8804
122.4,1335,38,3.7,8804
123.4,1335,39,3.1,8789
124.4,1335,39,4.5,8802
125.5,1335,38,3.2,8811
126.5,1335,38,4.4,8831
127.5,1335,38,4.0,8820
128.5,1335,38,3.8,8813
129.5,1335,38,4.5,8805
130.6,1335,38,3.4,8797
131.6,1335,38,3.8,8789
132.6,1335,38,3.8,8801
133.6,1335,38,3.7,8811
134.6,1336,38,3.3,8798
135.6,1335,37,4.7,8812
136.7,1335,36,3.6,8832
137.7,1335,38,3.9,8827
138.7,1335,38,4.0,8805
139.7,1335,38,3.8,8801
140.7,1335,37,4.1,8815
141.8,1335,38,3.6,8802
142.8,1335,38,3.9,8799
143.8,1335,37,4.9,8815
144.8,1335,38,3.8,8833
145.8,1336,38,5.0,8816
146.9,1336,36,4.0,8826
147.9,1336,36,3.9,8847
148.9,1336,36,3.2,8841
149.9,1336,37,4.3,8840
150.9,1336,42,4.2,8827
152.0,1335,38,3.7,8828
153.0,1335,38,4.6,8837
154.0,1335,39,3.4,8832
155.0,1335,37,3.8,8836
156.0,1335,38,4.3,8847
157.1,1335,38,3.5,8827
158.1,1335,37,4.4,8850
159.1,1335,38,5.4,8857
160.1,1335,39,7.4,8779
161.1,1335,38,4.8,8768
162.2,1335,38,4.0,8751
163.2,1335,38,4.5,8754
164.2,1335,38,4.7,8736
165.2,1335,37,4.3,8739
166.2,1335,37,4.4,8730
167.3,1335,37,5.2,8726
168.3,1335,39,3.7,8727
169.3,1333,38,4.8,8814
170.3,1332,38,4.8,8824
171.3,1332,38,4.7,8812
172.4,1332,38,4.4,8812
173.4,1332,39,4.7,8755
174.4,1332,37,4.5,8763
175.4,1332,38,4.6,8767
176.4,1332,38,4.6,8786
177.5,1332,37,4.0,8787
178.5,1332,38,5.4,8791
179.5,1359,32,5.6,8797
180.5,1360,31,6.9,8772
181.5,1361,35,5.1,8754
182.6,1359,36,4.5,8754
183.6,1358,36,4.6,8728
184.6,1274,36,4.7,8849
185.6,1247,36,4.5,8872
186.6,1229,35,4.3,8865
187.7,1229,38,4.4,8864
188.7,1229,37,3.9,8878
189.7,1228,38,3.9,8890
190.7,1229,37,4.9,8883
191.7,1229,37,4.0,8905
192.8,1229,40,4.6,8921
193.8,1228,38,4.0,8903
194.8,1229,39,3.9,8909
195.8,1229,38,4.3,8929
196.8,1229,37,3.3,8910
197.9,1228,38,4.3,8912
198.9,1229,40,5.2,8896
199.9,1229,38,4.3,8910
200.9,1229,38,4.5,8914
201.9,1229,38,5.1,8933
203.0,1229,38,4.3,8920
204.0,1229,36,4.0,8926
205.0,1229,39,4.8,8927
206.0,1229,38,4.4,8943
207.0,1229,38,4.3,8945
208.1,1228,37,4.7,8947
209.1,1228,39,4.3,8967
210.1,1228,38,3.3,8966
211.1,1228,38,4.7,8954
212.1,1228,38,4.2,8990
213.2,1228,37,4.6,8983
214.2,1228,38,3.5,8990
215.2,1229,39,5.1,8995
216.2,1230,37,4.4,9006
217.2,1230,36,4.1,9021
218.3,1229,37,4.9,9032
219.3,1229,37,5.0,9034
220.3,1229,37,3.2,9040
221.3,1228,39,4.5,9047
222.3,1228,38,4.9,9036
223.3,1228,38,3.6,9041
224.4,1228,37,4.5,9032
225.4,1228,38,5.1,9013
226.4,1228,36,4.1,9005
227.4,1227,39,4.3,9014
228.5,1227,37,4.1,9001
229.5,1227,36,4.0,9008
230.5,1227,37,3.6,9002
231.5,1227,38,4.7,9006
232.5,1227,37,4.4,9017
233.5,1227,38,4.5,9015
234.6,1227,39,4.2,9028
235.6,1227,42,4.6,9071
236.6,1227,37,4.9,9083
237.6,1227,39,5.2,9123
238.6,1227,38,4.2,9108
239.7,1228,39,4.8,9120
240.7,1230,38,5.2,9113
241.7,1274,43,6.3,9121
242.7,1282,33,6.2,9159
243.7,1275,32,3.9,9156
244.8,1259,34,3.8,9160
245.8,1250,37,4.8,9138
246.8,1236,37,5.8,9143
247.8,1265,40,4.7,9170
248.8,1270,35,6.4,9190
249.9,1267,37,4.3,9197
250.9,1265,37,4.8,9198
251.9,1264,37,4.7,9217
252.9,1254,35,4.4,9216
253.9,1239,43,4.4,9205
255.0,1238,38,4.3,9220
256.0,1236,37,5.3,9232
257.0,1236,37,6.7,9230
258.0,1234,37,5.1,9231
259.0,1230,38,5.2,9216
260.1,1230,36,4.7,9227
261.1,1230,39,4.7,9225
262.1,1230,39,4.4,9229
263.1,1223,40,4.8,9233
264.1,1224,38,4.6,9241
265.2,1223,42,4.7,9235
266.2,1223,38,5.6,9215
267.2,1223,38,4.1,9212
268.2,1224,38,4.8,9240
269.2,1223,38,5.6,9240
270.3,1223,38,4.6,9256
271.3,1223,37,4.5,9276
272.3,1224,38,4.7,9292
273.3,1223,34,3.7,9296
274.3,1223,34,5.6,9323
275.4,1223,35,4.1,9290
276.4,1224,37,3.2,9280
277.4,1223,37,3.5,9312
278.4,1223,38,3.4,9322
279.4,1223,37,3.6,9313
280.5,1224,38,3.3,9325
281.5,1223,38,3.3,9326
282.5,1242,39,4.5,9321
283.5,1242,35,5.3,9366
284.5,1244,37,11.7,9466
285.6,1244,35,7.0,9494
286.6,1244,35,6.9,9516
287.6,1228,37,8.8,9497
288.6,1225,42,11.0,9647
289.7,1225,37,9.2,9758
290.7,1224,40,4.1,9765
291.7,1225,39,6.5,9758
292.7,1225,38,5.0,9762
293.7,1224,41,5.5,9762
294.7,1224,39,5.8,9762
295.8,1225,37,4.9,9778
296.8,1225,39,4.8,9777
297.8,1224,39,6.2,9791
298.8,1224,37,5.0,9791
299.8,1225,36,7.9,9781
300.9,1225,35,19.2,9823
301.9,1224,36,29.8,10136
302.9,1224,39,9.9,10291
303.9,1225,39,12.5,10481
304.9,1225,38,11.8,10689
306.0,1224,37,7.9,9815
307.0,1224,38,6.1,9838
308.0,1225,38,5.4,9834
309.0,1225,39,5.6,9826
310.0,1224,37,5.5,9834
311.1,1224,38,6.1,9829
312.1,1225,40,7.5,9972
313.1,1224,36,4.8,9973
314.1,1224,38,4.1,9961
315.1,1224,37,5.0,9946
316.2,1224,41,4.5,9966
317.2,1224,39,4.0,9948
318.2,1224,37,5.0,9917
319.2,1224,38,3.9,9898
320.2,1224,38,4.2,9910
321.3,1224,37,5.7,9893
322.3,1224,37,4.8,9894
323.3,1224,38,5.3,9914
324.3,1224,38,4.8,9935
325.3,1224,38,4.4,9925
326.4,1228,36,7.1,9933
327.4,1228,36,7.1,9928
328.4,1227,37,5.0,9927
329.4,1227,37,5.6,9939
330.4,1227,37,4.9,9943
331.5,1224,38,5.2,9983
332.5,1224,38,28.4,10158
333.5,1224,38,9.1,10524
334.5,1224,38,30.0,10696
335.5,1224,39,9.4,10829
336.6,1224,37,30.5,11006
337.6,1224,38,9.0,10578
338.6,1225,37,20.4,10734
339.6,1225,37,18.9,10159
340.6,1225,37,4.6,10173
341.7,1224,38,5.6,10177
342.7,1224,38,5.0,10154
343.7,1224,40,5.0,10153
344.7,1224,39,5.1,10153
345.7,1223,38,5.4,10155
346.8,1223,40,7.1,10497
347.8,1224,37,6.2,10143
348.8,1224,38,4.7,10132
349.8,1223,38,5.2,10151
350.9,1223,37,4.9,10156
351.9,1224,38,4.9,10160
352.9,1224,38,5.4,10178
353.9,1223,39,5.1,10174
354.9,1223,37,4.9,10169
356.0,1224,37,5.3,10167
357.0,1224,37,4.5,10163
358.0,1223,39,3.8,10153
359.0,1230,40,5.9,10158
360.0,1230,35,3.7,10191
361.1,1230,36,3.9,10199
362.1,1229,37,5.5,10204
363.1,1229,42,5.7,10204
364.1,1225,37,6.8,10230
365.1,1225,37,5.6,10235
366.2,1224,38,4.7,10236
367.2,1224,36,5.5,10242
368.2,1225,36,4.9,10210
369.2,1224,37,4.6,10218
370.2,1224,42,5.8,10236
371.3,1225,36,5.3,10257
372.3,1225,35,4.6,10275
373.3,1224,36,4.8,10289
374.3,1224,37,4.7,10321
375.3,1233,43,5.5,10330
376.4,1234,34,5.9,10331
377.4,1235,34,4.9,10343
378.4,1247,35,6.8,10375
379.4,1248,30,9.1,10416
380.4,1236,29,7.1,10516
381.5,1226,33,7.1,10572
382.5,1226,34,7.5,10570
383.5,1206,35,7.4,10534
384.5,1211,35,9.1,10579
385.5,1211,66,8.3,10618
386.6,1209,16,5.4,10567
387.6,1210,15,5.9,10523
388.6,1210,25,5.0,10510
389.6,1210,27,5.7,10255
390.6,1205,28,5.3,10252
391.7,1206,31,4.6,10274
392.7,1205,34,3.7,10269
393.7,1226,35,5.0,10285
394.7,1224,34,3.5,10286
395.8,1223,34,3.2,10270
396.8,1223,36,4.6,10254
397.8,1222,36,4.2,10267
398.8,1201,36,4.6,10285
399.8,1201,37,4.8,10291
400.8,1201,38,4.2,10287
401.9,1201,39,3.6,10295
402.9,1201,38,4.1,10310
403.9,1201,38,3.1,10298
404.9,1201,38,4.1,10327
405.9,1203,39,3.2,10305
407.0,1203,38,3.3,10325
408.0,1203,39,4.3,10323
409.0,1203,38,4.3,10323
410.0,1203,38,4.6,10344
411.0,1203,38,5.5,10340
412.1,1203,38,5.1,10357
413.1,1203,37,6.5,10383
414.1,1203,40,5.5,10385
415.1,1203,38,4.1,10382
416.1,1203,37,4.3,10384
417.2,1203,39,4.8,10394
418.2,1203,37,5.0,10405
419.2,1203,37,4.8,10421
420.2,1203,40,4.5,10439
421.2,1204,40,5.6,10463
422.3,1203,38,4.2,10453
423.3,1204,40,5.2,10449
424.3,1204,41,5.2,10462
425.3,1203,39,5.7,10475
426.4,1202,41,5.3,10496
427.4,1203,38,5.5,10513
428.4,1203,38,5.0,10503
429.4,1207,38,8.3,10529
430.4,1207,37,5.0,10539
431.5,1206,40,6.3,10539
432.5,1206,36,5.3,10559
433.5,1206,37,5.7,10543
434.5,1203,38,6.5,10541
435.5,1203,38,5.5,10589
436.5,1203,38,5.4,10598
437.6,1203,36,4.7,10603
438.6,1203,36,3.9,10620
439.6,1203,38,4.2,10617
440.6,1203,37,5.4,10626
441.6,1203,39,4.4,10661
442.7,1203,37,4.0,10662
443.7,1203,37,4.3,10672
444.7,1203,36,3.6,10685
445.7,1203,41,3.9,10670
446.7,1203,37,4.5,10677
447.8,1203,37,4.8,10682
448.8,1203,39,5.2,10700
449.8,1203,38,5.2,10708
450.8,1203,38,5.2,10707
451.8,1203,35,5.2,10714
452.9,1203,37,5.5,10704
453.9,1203,35,4.9,10710
454.9,1203,36,5.6,10700
455.9,1203,38,5.0,10678
456.9,1203,37,4.6,10702
458.0,1203,39,7.4,10751
459.0,1203,38,5.5,10755
460.0,1203,39,5.9,10734
461.0,1203,38,5.4,10739
462.0,1203,38,4.9,10718
463.1,1203,40,5.7,10741
464.1,1207,42,6.5,10741
465.1,1206,35,4.9,10755
466.1,1206,37,5.3,10771
467.1,1206,35,5.1,10774
468.2,1204,36,4.4,10753
469.2,1203,38,5.7,10762
470.2,1193,38,5.7,10763
471.2,1193,39,4.8,10766
472.2,1193,38,4.7,10769
473.3,1193,39,4.3,10787
474.3,1193,37,4.7,10761
475.3,1193,38,5.1,10762
476.3,1193,38,4.3,10758
477.3,1193,39,4.3,10795
478.4,1193,39,5.2,10821
479.4,1193,38,5.4,10831
480.4,1193,39,4.9,10835
481.4,1193,37,6.1,10841
482.4,1193,38,4.7,10841
483.5,1193,40,4.7,10859
484.5,1193,40,5.8,10874
485.5,1171,37,4.8,10874
486.5,1171,37,4.5,10879
487.5,1171,42,6.6,10958
488.6,1171,32,4.6,10951
489.6,1171,32,5.0,10936
490.6,1171,37,4.4,10931
491.6,1171,36,4.5,10918
492.6,1171,37,4.7,10919
493.7,1171,39,5.1,10922
494.7,1171,38,4.6,10935
495.7,1171,38,5.9,10947
496.7,1173,39,5.3,10954
497.7,1194,38,8.0,10930
498.8,1217,32,5.9,10899
499.8,1214,33,5.8,10912
500.8,1220,32,4.8,10909
501.8,1218,32,5.8,10936
502.8,1217,33,4.4,10943
503.9,1182,35,5.4,10995
504.9,1182,36,28.4,11117
505.9,1177,37,11.7,11561
506.9,1177,37,11.0,11484
507.9,1177,36,9.6,11593
509.0,1177,36,10.2,11770
510.0,1177,38,11.4,11993
511.0,1177,38,9.2,12038
512.0,1177,39,10.9,11586
513.0,1177,39,11.2,11826
514.1,1177,37,11.3,11910
515.1,1177,36,9.8,12004
516.1,1177,36,10.8,12157
517.1,1177,36,10.4,11439
518.1,1177,37,10.7,11646
519.2,1177,37,12.0,11817
520.2,1177,37,8.4,11597
521.2,1177,38,10.1,11757
522.2,1177,38,8.3,11186
523.2,1177,38,28.0,11557
524.3,1177,39,10.5,11500
525.3,1177,38,11.1,11632
526.3,1177,38,9.1,11878
527.3,1177,38,8.5,11916
528.3,1177,37,11.4,12133
529.4,1180,37,9.9,12250
530.4,1184,42,11.7,12297
531.4,1183,37,11.1,12516
532.4,1183,37,8.3,12571
533.4,1182,39,10.5,11719
534.5,1182,37,11.6,11889
535.5,1179,38,10.8,12086
536.5,1179,39,9.3,12203
537.5,1179,38,10.9,12351
538.5,1179,38,8.0,11270
539.6,1179,40,29.1,11424
540.6,1179,38,10.2,11555
541.6,1179,38,10.9,11913
542.6,1179,39,11.0,12035
543.6,1179,38,10.1,12089
544.7,1179,36,10.8,11519
545.7,1179,38,11.9,11710
546.7,1179,38,10.5,11897
547.7,1179,38,9.1,11951
548.7,1179,38,11.0,11913
549.8,1179,37,10.8,11681
550.8,1179,37,10.9,11878
551.8,1179,39,11.0,12092
552.8,1179,38,7.1,11389
553.8,1179,38,11.3,11741
554.9,1179,38,9.3,11255
555.9,1179,38,28.0,11615
556.9,1179,37,11.4,11555
557.9,1165,39,11.6,11989
558.9,1165,37,8.8,12002
560.0,1164,37,10.7,11972
561.0,1164,39,11.1,11827
562.0,1164,39,8.7,11949
563.0,1163,39,10.8,12050
564.0,1164,40,11.6,12117
565.1,1164,39,11.0,12457
566.1,1164,38,12.5,11867
567.1,1163,39,10.3,12054
568.1,1164,38,9.9,12030
569.1,1174,48,12.2,12004
570.2,1177,31,13.2,12492
571.2,1177,35,8.3,11753
572.2,1177,46,11.7,11934
573.2,1176,36,10.5,12105
574.2,1176,32,9.4,11615
575.3,1173,35,11.4,11931
576.3,1173,34,9.8,12142
577.3,1173,36,8.1,12002
578.3,1165,37,10.4,12020
579.4,1165,36,8.6,11809
580.4,1165,37,7.4,11578
581.4,1174,40,9.5,11635
582.4,1217,39,12.8,11392
583.4,1222,38,24.6,11505
584.5,1229,38,15.5,11919
585.5,1224,37,28.5,12087
586.5,1223,35,8.5,12264
587.5,1215,38,28.9,12432
588.6,1204,36,8.3,12022
589.6,1187,37,28.8,12207
590.6,1188,32,8.6,12320
591.6,1188,31,25.7,12421
592.6,1188,34,14.2,11480
593.7,1188,36,7.4,11484
594.7,1188,36,8.3,11859
595.7,1184,38,29.8,12038
596.7,1184,36,8.1,11901
597.7,1184,36,29.0,12046
598.8,1223,38,9.0,12042
599.8,1226,35,31.0,12040
600.8,1226,35,8.3,12196
601.8,1222,35,30.4,12288
602.8,1222,36,7.7,11871
603.9,1222,37,30.0,12043
604.9,1192,38,8.2,12057
605.9,1191,37,19.3,12316
606.9,1205,38,19.4,11586
607.9,1236,38,10.4,11933
609.0,1237,50,29.8,12091
610.0,1230,28,7.2,11642
611.0,1224,0,7.8,12024
612.0,1254,9,30.5,12093
613.0,1236,0,7.7,12235
614.1,1221,1,30.9,12381
615.1,1211,14,7.8,11926
616.1,1239,2,20.4,12119
617.1,1246,31,20.3,11893
618.1,1251,32,8.4,11613
619.2,1254,35,14.9,11843
620.2,1241,37,13.8,12288
621.2,1244,41,18.6,12557
622.2,1240,32,30.0,12525
623.3,1234,71,18.7,11823
624.3,1251,15,29.0,12165
625.3,1247,25,29.1,12283
626.3,1236,26,9.3,12438
627.3,1235,27,29.3,12596
628.4,1231,29,8.3,12809
629.4,1211,31,17.2,12364
630.4,1200,29,19.2,12226
631.4,1197,34,7.9,12476
632.4,1197,32,28.5,12644
633.5,1214,36,8.4,11922
634.5,1258,37,12.8,12110
635.5,1259,29,29.8,12320
636.5,1245,31,8.3,12487
637.5,1236,34,29.3,12655
638.6,1235,31,8.8,12771
639.6,1211,34,29.3,12331
640.6,1206,36,8.5,12486
641.6,1208,35,31.9,12674
642.6,1199,36,8.2,12814
643.7,1199,38,18.5,12954
644.7,1199,37,18.5,11812
645.7,1197,37,8.0,11965
646.7,1195,39,30.7,12347
647.7,1196,38,8.4,12498
648.8,1196,38,30.0,12654
649.8,1195,38,7.3,11866
650.8,1195,38,8.4,12170
651.8,1196,37,30.5,12276
652.8,1196,38,7.8,12391
653.9,1195,38,31.0,12576
654.9,1196,48,9.3,12208
655.9,1197,35,30.0,12264
656.9,1196,35,8.0,11827
657.9,1196,34,7.9,11820
659.0,1195,36,8.5,12115
660.0,1196,36,33.7,12284
661.0,1196,36,8.3,11700
662.0,1195,36,28.5,12074
663.0,1195,35,18.9,12228
664.1,1196,35,18.3,12251
665.1,1196,35,9.2,12422
666.1,1195,34,28.9,12586
667.1,1196,37,9.0,12784
668.1,1196,35,28.7,12919
669.2,1195,35,8.5,12203
670.2,1195,36,28.1,12356
671.2,1194,36,7.8,12103
672.2,1195,35,7.5,12468
673.2,1195,34,28.7,12629
674.3,1195,36,8.2,12173
675.3,1195,37,27.0,12402
676.3,1195,37,10.3,12581
677.3,1214,40,10.0,12595
678.3,1213,34,28.3,12504
679.4,1212,33,8.2,12262
680.4,1213,39,29.9,12427
681.4,1212,38,7.7,12602
682.4,1201,33,29.5,12767
683.4,1203,37,7.5,12952
684.5,1203,35,15.8,12448
685.5,1202,34,20.7,12283
686.5,1194,36,7.8,12580
687.5,1194,37,30.4,12721
688.5,1191,37,7.4,12936
689.6,1191,37,6.6,11971
690.6,1191,36,29.1,12351
691.6,1200,36,6.9,12552
692.6,1201,36,29.8,12688
693.7,1201,36,7.0,12873
694.7,1199,37,22.8,13106
695.7,1199,37,11.1,11866
696.7,1199,36,5.8,11864
697.8,1192,38,6.3,12225
698.8,1191,38,30.1,12344
699.8,1192,38,5.8,11727
700.8,1192,37,27.4,12011
701.8,1192,37,10.0,11789
702.9,1191,37,10.2,12127
703.9,1192,37,10.3,12230
704.9,1192,39,10.5,12407
705.9,1192,37,7.4,11852
706.9,1191,37,7.3,12040
708.0,1197,37,11.0,12056
709.0,1197,36,9.9,12140
710.0,1197,37,9.3,12337
711.0,1196,38,9.0,12493
712.0,1196,37,7.6,12521
713.1,1192,37,8.7,11836
714.1,1192,37,10.3,12127
715.1,1192,38,10.7,12276
716.1,1192,37,7.1,11830
717.1,1192,37,8.6,12005
718.2,1192,37,9.1,12180
719.2,1192,37,10.8,12197
720.2,1192,39,10.5,12211
721.2,1192,39,7.4,11862
722.2,1192,40,6.6,11873
723.3,1192,37,8.2,12151
724.3,1192,38,8.4,11773
725.3,1192,37,27.4,12083
726.3,1192,37,10.8,12207
727.3,1192,37,10.9,12258
728.4,1192,36,11.4,12449
729.4,1192,37,10.9,12634
730.4,1192,37,8.9,12647
731.4,1192,37,10.9,12130
732.4,1192,35,10.5,12281
733.5,1192,37,9.8,12401
734.5,1192,39,11.4,12567
735.5,1192,38,10.3,12763
736.5,1192,39,10.0,12979
737.6,1192,36,9.4,13021
738.6,1192,36,8.3,12244
739.6,1192,38,9.9,12411
740.6,1192,37,10.4,12302
741.6,1192,36,10.6,12691
742.7,1192,41,8.7,12139
743.7,1192,37,10.1,11780
744.7,1192,37,27.2,11858
745.7,1192,38,10.6,12265
746.7,1192,38,8.8,12369
747.8,1192,38,9.8,12527
748.8,1192,37,9.2,12294
749.8,1192,38,10.2,11819
750.8,1192,39,25.7,11845
751.8,1192,38,11.7,12188
752.9,1192,37,9.1,12121
753.9,1192,38,11.0,12549
754.9,1192,38,7.2,12636
755.9,1192,38,9.6,12777
757.0,1192,39,10.3,12276
758.0,1192,43,7.8,12077
759.0,1192,36,9.8,12541
760.0,1192,37,7.1,11815
761.0,1192,38,27.9,12211
762.1,1192,38,10.1,12351
763.1,1192,38,8.9,12258
764.1,1192,38,8.1,12266
765.1,1192,38,9.7,12494
766.1,1190,37,7.4,12621
767.2,1190,38,9.4,12779
768.2,1190,39,6.5,11894
769.2,1190,39,10.2,12270
770.2,1190,38,7.4,12123
771.2,1190,37,8.2,12127
772.3,1190,37,10.4,12501
773.3,1190,37,8.8,12648
774.3,1190,40,8.4,12599
775.3,1192,41,10.5,12322
776.3,1194,36,8.5,12405
777.4,1193,37,9.2,12574
778.4,1193,38,10.1,12769
779.4,1196,37,7.3,12021
780.4,1194,36,7.3,12078
781.4,1192,37,11.0,12355
782.5,1192,36,10.9,12372
783.5,1192,39,8.0,12413
784.5,1190,39,10.0,12399
785.5,1190,40,6.9,12124
786.5,1190,38,7.5,12043
787.6,1190,39,10.0,12532
788.6,1190,39,7.2,11938
789.6,1190,38,27.3,11955
790.6,1190,38,10.3,12436
791.7,1190,38,6.9,12302
792.7,1190,37,9.6,12278
793.7,1190,37,8.8,12656
794.7,1190,37,8.9,12424
795.7,1190,37,10.4,12611
796.8,1190,39,7.9,12063
797.8,1190,41,7.0,12066
798.8,1190,38,10.5,12436
799.8,1190,37,8.2,12268
800.8,1190,37,9.1,12247
801.9,1190,37,10.3,12606
802.9,1190,38,8.2,12411
803.9,1190,35,9.9,12601
804.9,1190,38,9.7,12401
805.9,1190,38,7.1,12520
807.0,1190,38,9.6,12669
808.0,1190,40,8.7,12751
809.0,1190,38,9.8,12920
810.0,1190,38,7.8,12115
811.0,1189,39,7.7,12428
812.1,1190,40,10.0,12564
813.1,1190,39,10.6,12536
814.1,1190,38,8.4,12566
815.1,1189,38,9.4,12487
816.1,1190,37,7.8,12169
817.2,1190,36,8.0,12074
818.2,1190,36,7.6,12451
819.2,1189,37,8.6,12609
820.2,1190,36,6.5,12082
821.2,1190,39,27.2,12470
822.3,1190,37,17.5,12614
823.3,1190,37,16.9,12453
824.3,1190,38,6.5,12653
825.3,1190,38,9.7,12798
826.4,1190,38,25.6,12904
827.4,1190,39,7.3,12492
828.4,1190,39,18.7,12629
829.4,1190,38,16.5,12129
830.4,1189,38,7.3,12490
831.5,1190,38,28.4,12647
832.5,1190,37,7.4,12767
833.5,1190,38,28.1,12923
834.5,1189,37,6.5,12183
835.5,1190,36,6.8,12577
836.6,1190,37,29.2,12723
837.6,1190,37,7.0,12554
838.6,1189,36,30.2,12695
839.6,1190,37,7.5,12540
840.6,1190,36,8.4,12937
841.7,1190,37,30.6,13079
842.7,1189,38,6.9,12325
843.7,1197,38,9.4,12592
844.7,1197,35,29.0,12740
845.7,1195,36,7.7,12231
846.8,1196,36,8.3,12351
847.8,1196,37,28.7,12487
848.8,1190,37,8.5,12768
849.8,1190,37,30.1,12370
850.9,1190,38,8.2,12237
851.9,1190,38,8.4,12629
852.9,1190,38,30.9,12781
853.9,1190,38,7.8,12230
854.9,1190,38,7.5,12252
856.0,1190,38,8.6,12312
857.0,1190,38,7.6,12316
858.0,1181,38,8.2,12673
859.0,1181,38,31.7,12898
860.0,1181,39,7.8,12298
861.1,1181,38,28.5,12745
862.1,1180,38,29.2,12884
863.1,1180,38,8.2,13025
864.1,1180,38,25.3,13177
865.1,1180,41,12.4,12508
866.2,1180,38,11.5,12841
867.2,1180,39,25.2,12719
868.2,1180,38,7.8,13083
869.2,1180,38,29.0,13253
870.3,1180,40,7.7,12826
871.3,1180,39,29.3,12983
872.3,1180,38,7.2,12861
873.3,1180,38,28.8,13000
874.3,1180,37,8.2,13142
875.4,1180,37,29.7,13273
876.4,1180,39,7.4,12844
877.4,1180,40,19.2,12986
878.4,1180,38,18.2,12777
879.4,1180,40,7.7,13145
880.5,1180,38,29.1,13093
881.5,1180,37,7.4,12897
882.5,1169,38,30.6,13060
883.5,1168,38,7.1,13179
884.5,1168,37,29.6,13325
885.6,1168,38,7.2,12917
886.6,1168,36,30.1,13059
887.6,1168,38,6.5,12546
888.6,1168,37,7.8,12799
889.6,1168,35,7.5,12808
890.7,1168,37,34.4,13093
891.7,1168,36,15.3,12510
892.7,1168,39,19.3,12911
893.7,1168,37,27.3,13050
894.8,1168,36,7.7,13220
895.8,1168,39,28.3,13402
896.8,1168,38,7.9,13552
897.8,1168,39,18.2,13136
898.8,1168,39,17.7,12934
899.9,1168,41,7.6,13069
900.9,1178,36,29.0,13503
901.9,1178,36,9.8,13644
902.9,1177,35,28.8,13824
903.9,1177,37,8.2,13046
905.0,1177,39,29.9,13193
906.0,1169,38,8.2,13345
907.0,1169,37,26.9,13502
908.0,1169,37,10.5,12896
909.0,1169,36,10.4,13147
910.1,1169,38,31.2,13303
911.1,1169,39,7.1,13434
912.1,1169,39,30.6,13552
913.1,1169,40,7.9,13093
914.1,1169,36,30.5,13244
915.2,1169,39,8.7,13393
916.2,1172,38,20.0,13557
917.2,1172,35,19.4,13324
918.2,1172,37,8.5,13685
919.2,1172,39,31.1,13255
920.3,1172,36,7.2,12730
921.3,1169,38,7.7,13108
922.3,1169,39,31.9,13292
923.3,1169,39,7.1,12684
924.3,1169,39,27.2,13181
925.4,1169,39,20.0,13281
926.4,1169,38,16.3,13346
927.4,1169,38,7.4,13255
928.4,1169,36,28.7,13595
929.4,1169,37,7.3,13795
930.5,1169,39,29.2,13939
931.5,1169,40,7.6,13144
932.5,1169,38,20.8,13307
933.5,1169,39,15.0,13418
934.5,1169,39,7.6,13354
935.6,1169,39,28.9,13622
936.6,1169,37,8.2,13108
937.6,1169,38,28.5,13274
938.6,1169,38,7.4,13468
939.7,1169,37,29.5,13605
940.7,1169,37,7.7,13784
941.7,1169,38,18.5,13870
942.7,1169,37,18.2,12671
943.7,1169,36,8.9,13106
944.8,1169,37,31.6,13236
945.8,1169,37,7.6,13398
946.8,1169,42,30.0,13560
947.8,1169,37,7.9,13095
948.8,1169,38,16.5,13258
949.9,1169,38,20.5,13116
950.9,1169,38,8.2,13465
951.9,1169,38,28.7,13589
952.9,1169,37,7.4,12956
953.9,1169,38,8.1,13141
955.0,1169,39,31.9,13312
956.0,1169,38,7.8,12717
957.0,1169,35,29.2,13036
958.0,1169,35,11.1,13227
959.0,1169,35,11.4,13220
960.1,1169,38,8.8,13300
961.1,1169,38,9.4,13457
962.1,1169,38,9.8,13619
963.1,1169,38,9.4,13609
964.1,1169,38,10.3,12677
965.2,1169,39,10.2,13097
966.2,1169,37,11.2,13282
967.2,1169,39,9.4,13480
968.2,1169,37,9.4,12910
969.3,1169,38,9.7,13108
970.3,1169,37,10.6,13332
971.3,1169,37,7.8,13357
972.3,1169,38,10.1,13262
973.3,1169,38,10.6,13122
974.4,1169,37,7.8,13076
975.4,1169,40,10.5,13416
976.4,1169,39,9.1,13203
977.4,1169,39,9.4,13231
978.4,1169,36,9.1,13195
979.5,1169,36,10.4,13543
980.5,1169,38,6.6,12997
981.5,1178,37,10.1,13008
982.5,1178,34,10.6,13331
983.5,1178,39,7.1,12852
984.6,1178,37,8.9,13097
985.6,1179,37,10.0,13251
986.6,1183,35,8.7,12813
987.6,1183,37,31.2,13265
988.6,1183,37,9.2,13175
989.7,1183,38,10.4,13206
990.7,1180,37,10.9,13247
991.7,1178,41,11.6,13564
992.7,1178,38,11.6,13767
993.8,1178,39,11.2,13971
994.8,1178,41,11.5,14125
995.8,1178,36,10.4,13323
996.8,1176,35,9.4,13333
997.8,1176,38,9.4,13501
998.9,1176,39,9.1,13410
999.9,1174,38,9.5,13809
1000.9,1174,39,9.1,13958
1001.9,1174,40,10.2,14148
1002.9,1174,37,8.1,13051
1004.0,1174,39,10.0,13204
1005.0,1174,39,9.5,13084
1006.0,1174,40,10.9,13349
1007.0,1174,37,10.4,13520
1008.0,1174,38,10.7,13685
1009.1,1174,40,7.0,13072
1010.1,1174,37,9.3,13424
1011.1,1174,38,8.1,12841
1012.1,1174,41,25.4,13230
1013.1,1174,38,28.1,13374
1014.2,1174,36,6.8,13500
1015.2,1174,39,17.7,13650
1016.2,1174,39,18.3,12928
1017.2,1174,39,7.8,13212
1018.2,1174,39,29.6,13350
1019.3,1174,39,16.7,12833
1020.3,1174,37,17.0,13188
1021.3,1174,37,28.2,13369
1022.3,1174,40,7.4,13535
1023.3,1182,38,28.5,13676
1024.4,1182,37,8.9,13838
1025.4,1181,39,16.7,13389
1026.4,1181,39,20.4,12790
1027.4,1181,38,27.2,12901
1028.4,1174,38,7.9,13292
1029.5,1174,38,28.7,13454
1030.5,1174,39,7.8,13632
1031.5,1174,40,29.3,13755
1032.5,1174,38,7.2,13945
1033.5,1174,39,17.0,13984
1034.6,1174,38,19.6,12777
1035.6,1174,37,25.6,12859
1036.6,1174,37,12.0,13273
1037.6,1174,37,10.1,13377
1038.6,1174,39,8.4,13349
1039.7,1174,38,10.2,12930
1040.7,1174,39,28.4,13006
1041.7,1174,37,10.0,13431
1042.7,1174,40,11.1,13426
1043.7,1174,38,10.6,13596
1044.8,1174,37,7.3,13001
1045.8,1174,38,29.1,13310
1046.8,1174,39,9.4,13446
1047.8,1174,37,10.5,13595
1048.8,1174,37,12.1,13758
1049.9,1174,36,8.0,12915
1050.9,1174,36,27.4,13205
1051.9,1174,39,9.8,13159
1052.9,1174,38,10.3,13592
1053.9,1174,37,8.2,13584
1055.0,1174,39,9.7,12847
1056.0,1174,38,27.5,13035
1057.0,1174,39,7.5,13052
1058.0,1174,39,9.3,13397
1059.0,1178,38,29.0,13408
1060.1,1179,40,8.0,13089
1061.1,1179,38,8.4,13384
1062.1,1179,38,29.8,13502
1063.1,1179,37,6.5,13089
1064.2,1179,37,7.8,13458
1065.2,1175,37,29.1,13574
1066.2,1175,37,10.0,12985
1067.2,1175,39,26.6,13461
1068.2,1175,38,8.5,13292
1069.3,1175,35,9.3,13446
1070.3,1150,38,10.2,13666
1071.3,1150,39,7.9,13718
1072.3,1150,37,9.6,13713
1073.3,1150,37,10.0,13469
1074.4,1150,36,9.3,13645
1075.4,1150,39,8.8,13704
1076.4,1151,39,10.7,13829
1077.4,1151,39,11.3,13531
1078.4,1151,37,8.4,13623
1079.5,1151,37,11.4,13763
1080.5,1151,39,8.9,13828
1081.5,1150,36,11.2,13680
1082.5,1150,37,9.9,13676
1083.5,1150,36,9.1,13540
1084.6,1150,37,10.6,13894
1085.6,1150,37,8.2,13852
1086.6,1150,37,10.0,14015
1087.6,1150,38,8.3,13368
1088.6,1150,37,9.8,13554
1089.7,1150,39,10.3,13764
1090.7,1150,37,7.8,13299
1091.7,1150,37,11.5,13645
1092.7,1150,36,8.5,13736
1093.8,1150,38,10.1,13890
1094.8,1150,40,8.7,13379
1095.8,1150,39,9.6,13704
1096.8,1150,37,7.5,13322
1097.8,1150,35,8.4,13637
1098.9,1150,39,10.4,13759
1099.9,1150,37,7.5,13115
1100.9,1161,39,29.5,13520
1101.9,1216,33,14.1,13658
1102.9,1218,33,9.7,13673
1104.0,1203,34,9.9,13740
1105.0,1189,34,10.3,13916
1106.0,1189,37,8.8,13977
1107.0,1175,35,11.7,13517
1108.0,1175,38,11.0,13715
1109.1,1174,39,8.5,13797
1110.1,1195,38,13.6,13926
1111.1,1214,40,15.9,14252
1112.1,1214,36,9.3,13629
1113.1,1213,37,13.6,13923
1114.2,1208,39,10.5,13958
1115.2,1208,41,10.0,14089
1116.2,1173,39,6.9,13969
1117.2,1173,39,9.3,13868
1118.2,1173,37,10.3,13851
1119.3,1171,36,9.5,13596
1120.3,1171,35,10.5,14048
1121.3,1171,39,8.4,14099
1122.3,1171,39,10.0,13938
1123.4,1171,38,9.6,13840
1124.4,1171,38,8.2,13694
1125.4,1171,38,8.9,13588
1126.4,1171,38,9.7,13733
1127.4,1171,37,11.4,14045
1128.5,1171,37,6.6,13708
1129.5,1171,37,8.7,13874
1130.5,1175,39,9.2,13991
1131.5,1187,37,9.3,14129
1132.5,1206,37,7.7,14054
1133.6,1206,36,10.3,13435
1134.6,1209,37,11.3,13914
1135.6,1206,37,6.7,13775
1136.6,1215,35,8.4,13552
1137.6,1215,35,8.0,13812
1138.7,1202,34,10.2,13967
1139.7,1202,35,7.9,13494
1140.7,1187,36,27.6,13923
1141.7,1178,37,19.5,14039
1142.7,1178,37,17.5,13896
1143.8,1178,37,8.0,14220
1144.8,1178,36,20.6,14334
1145.8,1178,38,17.0,13592
1146.8,1179,36,9.2,13927
1147.9,1179,36,19.7,14103
1148.9,1178,37,17.8,13666
1149.9,1178,38,8.2,13945
1150.9,1178,38,26.2,14125
1151.9,1178,36,12.3,13689
1153.0,1178,39,8.2,13992
1154.0,1178,39,17.1,14262
1155.0,1178,38,19.6,13720
1156.0,1178,37,9.1,14144
1157.0,1178,38,18.8,14261
1158.1,1176,38,19.9,14196
1159.1,1176,38,8.0,14348
1160.1,1176,37,30.8,13757
1161.1,1175,38,8.5,13794
1162.2,1175,38,9.5,14120
1163.2,1176,39,32.7,13817
1164.2,1176,38,6.3,13804
1165.2,1175,39,8.0,14109
1166.2,1175,38,29.3,14117
1167.3,1175,38,6.3,13832
1168.3,1176,20,12.1,14206
1169.3,1188,16,26.3,13870
1170.3,1186,25,6.8,13867
1171.3,1184,26,8.3,14230
1172.4,1184,28,30.3,14125
1173.4,1184,29,6.6,13866
1174.4,1171,32,7.5,14247
1175.4,1171,32,30.5,14328
1176.4,1171,32,7.5,13846
1177.5,1171,34,8.1,13909
1178.5,1171,35,8.2,13907
1179.5,1171,39,7.6,13904
1180.5,1171,36,8.8,13906
1181.5,1171,37,9.3,14236
1182.6,1171,37,21.7,14362
1183.6,1171,37,20.8,13647
1184.6,1171,37,5.5,13651
1185.6,1171,37,6.0,13663
1186.6,1171,41,5.9,13694
1187.7,1171,38,5.4,13716
1188.7,1171,38,4.9,13728
1189.7,1171,39,5.3,13709
1190.7,1171,41,6.5,13778
1191.7,1171,37,5.4,13797
1192.8,1171,39,5.1,13800
1193.8,1171,39,4.8,13785
1194.8,1171,38,5.7,13805
1195.8,1171,40,4.6,13840
1196.8,1171,38,5.1,13836
1197.9,1171,40,4.8,13842
1198.9,1171,37,5.3,13839
1199.9,1175,37,5.7,13860
1200.9,1175,37,4.8,13867
1201.9,1175,39,5.4,13894
1203.0,1177,36,5.3,13912
1204.0,1177,38,5.1,13912
1205.0,1174,35,4.8,13934
1206.0,1174,36,5.1,13929
1207.0,1174,37,5.4,13978
1208.1,1172,36,4.7,13980
1209.1,1172,38,4.6,13975
1210.1,1172,38,5.0,13998
1211.1,1172,36,4.3,13999
1212.1,1172,37,4.6,14007
1213.2,1172,38,5.2,14012
1214.2,1172,38,4.5,14004
1215.2,1172,39,7.2,14035
1216.2,1178,38,10.4,14030
1217.2,1177,37,6.7,14056
1218.3,1177,37,4.4,14070
1219.3,1177,37,4.0,14073
1220.3,1177,38,4.5,14071
1221.3,1173,38,4.6,14082
1222.3,1171,38,5.1,14072
1223.4,1171,38,5.1,14095
1224.4,1171,39,6.1,14015
1225.4,1171,40,5.3,14034
1226.4,1171,39,4.5,14051
1227.4,1171,39,4.5,14032
1228.5,1171,39,5.0,14043
1229.5,1171,38,4.5,14045
1230.5,1171,39,5.0,14072
1231.5,1177,39,8.6,14061
1232.6,1177,36,8.3,14057
1233.6,1177,37,8.0,14084
1234.6,1177,38,9.0,14063
1235.6,1177,37,9.6,14063
1236.6,1171,36,9.1,14063
1237.6,1171,37,8.6,14084
1238.7,1171,37,9.5,14093
1239.7,1171,38,9.0,14117
1240.7,1171,39,8.8,14104
1241.7,1171,37,8.9,14120
1242.8,1171,40,8.3,14151
1243.8,1174,38,8.1,14169
1244.8,1173,38,8.2,14170
1245.8,1173,37,7.1,14186
1246.8,1173,38,4.8,14228
1247.9,1171,39,4.1,14216
1248.9,1171,37,4.3,14220
1249.9,1171,38,5.3,14206
1250.9,1171,36,4.5,14212
1251.9,1171,35,4.0,14204
1253.0,1171,34,4.7,14214
1254.0,1171,39,4.8,14246
1255.0,1171,39,5.4,14292
1256.0,1171,40,4.1,14287
1257.0,1171,41,4.8,14288
1258.1,1171,39,5.0,14299
1259.1,1171,38,4.7,14311
1260.1,1171,37,6.7,14380
1261.1,1171,38,8.5,14379
1262.1,1171,38,8.2,14376
1263.2,1171,38,8.3,14383
1264.2,1171,37,7.4,14387
1265.2,1171,36,7.7,14411
1266.2,1171,37,7.0,14450
1267.3,1171,37,5.1,14465
1268.3,1175,38,6.0,14473
1269.3,1175,37,5.4,14487
1270.3,1174,38,5.1,14515
1271.3,1174,38,4.9,14547
1272.3,1174,38,4.8,14554
1273.4,1172,39,5.0,14574
1274.4,1172,36,4.4,14561
1275.4,1172,38,5.7,14561
1276.4,1172,37,4.8,14557
1277.4,1172,38,4.2,14562
1278.5,1172,39,4.5,14572
1279.5,1172,39,4.9,14598
1280.5,1172,37,4.8,14611
1281.5,1172,39,5.4,14618
1282.6,1172,39,4.8,14651
1283.6,1172,39,4.7,14641
1284.6,1172,38,5.8,14646
1285.6,1172,38,4.5,14655
1286.6,1172,40,5.0,14675
1287.7,1172,39,4.2,14686
1288.7,1172,39,4.4,14703
1289.7,1172,37,3.4,14720
1290.7,1172,38,4.0,14729
1291.7,1172,38,3.4,14733
1292.8,1172,36,4.1,14728
1293.8,1172,37,3.1,14728
1294.8,1172,36,4.8,14725
1295.8,1172,39,4.1,14718
1296.8,1172,38,3.4,14717
1297.9,1171,39,4.5,14741
1298.9,1175,38,4.0,14749
1299.9,1175,37,5.1,14766
1300.9,1174,37,3.9,14771
1301.9,1173,37,4.1,14770
1303.0,1174,37,3.8,14788
1304.0,1170,36,5.2,14796
1305.0,1170,35,4.6,14807
1306.0,1170,37,4.4,14797
1307.0,1170,37,5.3,14815
1308.1,1170,37,4.8,14840
1309.1,1170,36,4.5,14865
1310.1,1170,39,4.6,14858
1311.1,1170,39,5.0,14883
1312.1,1170,38,4.7,14913
1313.2,1170,39,4.4,14929
1314.2,1170,37,4.6,14945
1315.2,1170,38,4.9,14978
1316.2,1170,37,4.5,14998
1317.2,1170,36,4.7,15023
1318.3,1170,37,4.7,15025
1319.3,1170,38,5.4,15028
1320.3,1170,38,5.2,15021
1321.3,1170,36,5.0,15022
1322.3,1170,37,5.1,15024
1323.4,1170,38,4.6,15011
1324.4,1170,39,4.5,15020
1325.4,1170,40,4.5,15030
1326.4,1170,41,4.5,15055
1327.4,1170,39,3.9,15090
1328.5,1170,39,4.5,15102
1329.5,1170,42,4.6,15094
1330.5,1170,38,4.7,15094
1331.5,1170,38,4.0,15090
1332.5,1170,38,4.0,15113
1333.6,1170,38,3.9,15134
1334.6,1170,39,4.2,15145
1335.6,1170,36,5.0,15181
1336.6,1170,37,4.2,15185
1337.6,1173,39,5.3,15184
1338.7,1173,37,4.4,15199
1339.7,1173,39,5.4,15239
1340.7,1173,35,5.1,15238
1341.7,1173,38,4.3,15269
1342.7,1170,37,3.8,15252
1343.8,1170,37,4.4,15267
1344.8,1170,38,3.7,15265
1345.8,1170,37,4.3,15267
1346.8,1170,37,4.7,15261
1347.9,1170,37,4.0,15238
1348.9,1170,36,4.3,15273
1349.9,1170,38,4.1,15275
1350.9,1170,36,4.0,15279
1351.9,1170,39,4.0,15296
1353.0,1170,40,4.3,15295
1354.0,1170,38,3.8,15288
1355.0,1170,38,3.7,15285
1356.0,1170,38,3.9,15285
1357.0,1170,38,3.4,15282
1358.1,1170,39,3.4,15299
1359.1,1170,38,3.1,15303
1360.1,1170,41,4.4,15308
1361.1,1170,35,3.4,15295
1362.1,1170,34,3.9,15298
1363.2,1170,35,3.6,15288
1364.2,1170,37,4.6,15282
1365.2,1170,37,3.8,15265
1366.2,1170,37,3.4,15270
1367.2,1170,35,4.3,15265
1368.3,1170,35,3.7,15264
1369.3,1170,36,4.7,15299
1370.3,1170,38,4.5,15298
1371.3,1170,39,3.6,15270
1372.3,1170,38,4.0,15300
1373.4,1170,38,3.2,15314
1374.4,1170,38,3.4,15313
1375.4,1170,38,2.6,15303
1376.4,1170,38,3.7,15320
1377.4,1170,38,2.8,15316
1378.4,1170,38,3.4,15314
1379.5,1170,38,3.0,15309
1380.5,1170,38,3.3,15299
1381.5,1170,38,3.6,15296
1382.5,1170,39,3.5,15296
1383.5,1170,36,3.3,15296
1384.6,1170,36,3.6,15276
1385.6,1170,39,3.5,15279
1386.6,1170,36,3.6,15277
1387.6,1170,37,3.8,15281
1388.6,1170,38,3.4,15287
1389.7,1170,36,3.4,15311
1390.7,1170,38,4.0,15334
1391.7,1170,38,3.1,15350
1392.7,1170,39,3.9,15353
1393.8,1170,38,3.1,15368
1394.8,1170,38,3.1,15355
1395.8,1170,39,4.1,15344
1396.8,1170,36,2.9,15343
1397.8,1170,36,3.2,15336
1398.9,1170,37,2.9,15332
1399.9,1170,38,2.7,15332
1400.9,1170,37,3.2,15317
1401.9,1170,37,2.9,15322
1402.9,1170,17,3.3,15329
1404.0,1170,25,3.3,15367
1405.0,1170,26,4.2,15390
1406.0,1193,27,4.2,15409
1407.0,1206,33,10.4,15414
1408.0,1206,29,7.5,15406
1409.1,1202,31,6.9,15403
1410.1,1202,33,7.0,15426
1411.1,1201,33,6.4,15470
1412.1,1168,36,7.8,15506
1413.1,1167,36,7.0,15524
1414.2,1167,39,6.7,15532
1415.2,1167,38,6.8,15538
1416.2,1167,40,6.8,15464
1417.2,1165,36,6.4,15526
1418.2,1167,38,6.8,15548
1419.3,1167,35,3.8,15534
1420.3,1166,35,4.1,15553
1421.3,1166,37,4.3,15598
1422.3,1166,35,4.2,15579
1423.4,1166,36,3.2,15560
1424.4,1164,38,3.8,15555
1425.4,1164,38,3.5,15551
1426.4,1164,37,4.3,15558
1427.4,1164,39,3.7,15534
1428.5,1164,39,3.5,15528
1429.5,1164,39,5.1,15517
1430.5,1164,40,4.2,15491
1431.5,1167,40,5.4,15496
1432.5,1167,38,4.1,15502
1433.5,1166,36,4.3,15505
1434.6,1166,37,3.9,15506
1435.6,1165,39,4.0,15496
1436.6,1166,38,5.2,15492
1437.6,1163,39,4.2,15489
1438.7,1163,37,3.9,15475
1439.7,1163,38,3.8,15471
1440.7,1163,38,3.9,15467
1441.7,1163,36,3.7,15460
1442.7,1163,38,3.7,15470
1443.7,1163,38,4.0,15481
1444.8,1163,37,4.1,15493
1445.8,1163,36,3.5,15496
1446.8,1163,37,3.8,15502
1447.8,1163,38,3.6,15517
1448.9,1163,39,3.4,15516
1449.9,1163,37,4.4,15534
1450.9,1163,37,4.1,15514
1451.9,1164,38,7.4,15594
1452.9,1174,36,9.3,15640
1454.0,1173,36,7.3,15700
1455.0,1173,38,10.9,15784
1456.0,1173,37,8.8,15960
1457.0,1173,39,3.7,15973
1458.0,1163,39,4.3,15967
1459.0,1158,40,9.0,16009
1460.1,1158,36,7.3,16036
1461.1,1157,36,7.9,16125
1462.1,1157,37,10.3,16177
1463.1,1157,37,3.7,16190
1464.2,1158,37,4.8,16195
1465.2,1157,36,3.7,16194
1466.2,1157,36,3.5,16197
1467.2,1157,37,3.7,16196
1468.2,1157,40,4.3,16185
1469.3,1155,38,4.4,16185
1470.3,1155,38,3.8,16179
1471.3,1155,39,4.4,16171
1472.3,1155,39,8.5,16093
1473.3,1158,38,8.9,16105
1474.4,1157,38,8.2,16137
1475.4,1157,36,8.7,16147
1476.4,1157,37,5.6,16175
1477.4,1160,37,5.0,16187
1478.4,1160,39,4.6,16184
1479.5,1158,38,4.4,16175
1480.5,1158,39,4.2,16181
1481.5,1157,38,3.9,16181
1482.5,1154,38,4.8,16194
1483.5,1154,38,3.8,16182
1484.6,1166,38,4.2,16186
1485.6,1168,33,6.0,16172
1486.6,1167,36,4.7,16178
1487.6,1173,31,7.5,16200
1488.6,1172,33,9.5,16208
1489.7,1169,35,8.2,16197
1490.7,1170,36,10.8,16188
1491.7,1170,37,5.9,16241
1492.7,1169,37,4.0,16239
1493.8,1164,38,3.8,16234
1494.8,1164,35,4.7,16239
1495.8,1165,38,3.9,16236
1496.8,1168,38,3.8,16239
1497.8,1168,37,4.1,16247
1498.9,1168,37,4.4,16249
1499.9,1168,38,6.6,16284
1500.9,1167,36,4.8,16280
1501.9,1164,39,3.9,16270
1502.9,1164,37,4.1,16268
1504.0,1164,37,4.1,16274
1505.0,1179,35,4.7,16272
1506.0,1179,31,4.0,16273
1507.0,1179,33,4.1,16295
1508.0,1179,36,3.4,16288
1509.1,1179,37,4.6,16281
1510.1,1174,37,5.0,16283
1511.1,1174,51,4.5,16278
1512.1,1174,33,4.8,16276
1513.1,1174,35,5.5,16266
1514.2,1175,35,4.0,16273
1515.2,1175,37,5.1,16290
1516.2,1164,37,3.6,16301
1517.2,1164,37,4.8,16301
1518.2,1164,36,4.6,16309
1519.3,1162,37,5.1,16310
1520.3,1162,38,3.4,16303
1521.3,1162,38,4.5,16309
1522.3,1162,39,3.8,16306
1523.3,1162,40,5.4,16365
1524.4,1162,39,7.5,16376
1525.4,1162,39,7.0,16400
1526.4,1162,41,6.8,16414
1527.4,1162,40,6.8,16451
1528.4,1162,37,6.2,16415
1529.5,1162,42,4.3,16413
1530.5,1162,38,4.0,16404
1531.5,1162,36,3.3,16428
1532.5,1162,37,3.0,16419
1533.5,1162,38,3.8,16366
1534.6,1162,39,2.7,16368
1535.6,1162,39,1.8,16375
1536.6,1162,38,2.2,16386
1537.6,1162,36,2.2,16365
1538.6,1162,38,3.1,16378
1539.7,1162,37,3.4,16362
1540.7,1165,37,5.7,16361
1541.7,1164,37,4.2,16353
1542.7,1164,37,5.0,16356
1543.7,1164,40,6.1,16349
1544.8,1164,36,6.1,16356
1545.8,1162,38,5.3,16362
1546.8,1166,39,7.1,16373
1547.8,1166,36,5.5,16367
1548.8,1166,38,4.7,16369
1549.9,1166,38,4.8,16395
1550.9,1164,39,5.1,16407
1551.9,1162,38,5.0,16428
1552.9,1162,38,5.4,16419
1553.9,1162,39,4.8,16408
1555.0,1162,38,6.2,16404
1556.0,1162,37,8.2,16511
1557.0,1162,39,5.2,16490
1558.0,1162,40,5.3,16486
1559.0,1162,36,4.4,16462
1560.1,1162,37,5.0,16440
1561.1,1162,39,4.7,16447
1562.1,1162,39,4.7,16430
1563.1,1162,39,3.5,16449
1564.1,1162,37,3.6,16469
1565.2,1162,37,3.2,16463
1566.2,1162,38,3.1,16470
1567.2,1163,39,2.8,16465
1568.2,1165,37,3.7,16462
1569.2,1164,35,2.1,16450
1570.3,1164,38,2.9,16440
1571.3,1164,39,1.6,16440
1572.3,1164,36,2.6,16437
1573.3,1162,36,1.5,16437
1574.3,1216,34,2.9,16431
1575.4,1233,33,3.8,16431
1576.4,1232,41,2.9,16418
1577.4,1236,39,2.5,16424
1578.4,1234,31,3.2,16419
1579.4,1250,39,4.7,16421
1580.5,1240,34,2.9,16450
1581.5,1223,35,2.1,16436
1582.5,1222,38,2.6,16456
1583.5,1222,37,2.3,16454
1584.5,1212,38,1.8,16442
1585.6,1212,38,3.1,16453
1586.6,1222,31,2.0,16467
1587.6,1222,32,2.6,16459
1588.6,1220,35,1.6,16457
1589.7,1220,37,3.0,16456
1590.7,1220,36,3.8,16189
1591.7,1217,40,3.6,16185
1592.7,1249,41,2.8,16214
1593.7,1225,29,3.0,16203
1594.8,1225,31,3.6,16203
1595.8,1225,31,3.7,16180
1596.8,1223,35,2.6,16104
1597.8,1216,34,2.8,16086
1598.8,1216,36,1.8,16095
1599.9,1216,38,1.0,16089
1600.9,1216,37,2.1,16027
1601.9,1216,37,0.7,16042
1602.9,1216,37,0.7,16061
1603.9,1216,36,0.9,16048
1605.0,1216,38,1.1,16026
1606.0,1216,39,0.9,16024
1607.0,1216,38,0.7,16023
1608.0,1216,38,0.5,16024
1609.1,1216,37,0.8,16035
1610.1,1216,39,0.8,16003
1611.1,1217,38,1.0,16009
1612.1,1253,38,4.6,16019
