t_start,t_end,type,n_frames,duration_s,path_m
1770725410.026200056,1770725451.701679945,row,404,41.675,59.642
1770725451.801739931,1770725519.562000036,row,616,67.760,92.071
1770725519.662029982,1770725533.753859997,turn,81,14.092,5.595
1770725533.853950024,1770725545.446880102,row,91,11.593,8.052
1770725545.546900034,1770725547.545730114,turn,15,1.999,1.140
1770725547.645750046,1770725617.904459953,row,475,70.259,75.602
1770725618.104330063,1770725695.259010077,row,587,77.155,63.509
1770725695.358949900,1770725705.653039932,turn,71,10.294,5.118
1770725705.752840042,1770725713.448329926,turn,51,7.695,4.014
1770725713.548269987,1770725796.499459982,row,509,82.951,70.565
1770725796.699579954,1770725805.194339991,row,41,8.495,8.785
1770725805.394409895,1770725817.886879921,row,59,12.492,12.979
1770725818.086910009,1770725879.550570011,row,328,61.464,56.419
1770725879.650540113,1770725890.843960047,turn,59,11.193,5.641
1770725890.943850040,1770725995.582220078,row,459,104.638,149.347
1770725995.682029963,1770726014.970530033,turn,71,19.289,4.610
1770726015.170599937,1770726051.448980093,row,184,36.278,32.790
1770726051.848949909,1770726053.647779942,row,5,1.799,1.391
1770726054.047630072,1770726056.645760059,row,9,2.598,2.801
1770726056.845799923,1770726098.421149969,row,88,41.575,51.252
1770726098.820930004,1770726154.987529993,row,233,56.167,57.519
1770726155.087769985,1770726171.477760077,turn,57,16.390,6.015
1770726171.777740002,1770726316.491440058,row,591,144.714,150.707
1770726316.691060066,1770726318.390130043,turn,11,1.699,1.239
1770726318.490099907,1770726348.172359943,turn,78,29.682,5.909
