t_s,vram_mib,gpu_util_pct,cpu_pct,ram_mib
0.0,642,0,51.3,8289
1.0,642,0,5.5,8400
2.0,642,0,6.2,8396
3.1,642,0,6.4,8384
4.1,642,0,6.7,8427
5.1,642,0,5.9,8438
6.1,642,0,6.4,8441
7.1,642,0,6.1,8446
8.2,642,0,6.1,8463
9.2,642,0,6.1,8472
10.2,642,0,6.9,8463
11.2,642,0,6.0,8469
12.2,642,0,6.0,8467
13.3,642,0,5.9,8452
14.3,642,0,5.9,8457
15.3,642,0,6.0,8489
16.3,642,0,7.2,8503
17.3,642,0,5.6,8515
18.4,642,0,5.8,8501
19.4,642,0,5.8,8496
20.4,642,0,5.7,8498
21.4,642,0,5.8,8498
22.5,642,0,5.8,8493
23.5,642,0,5.8,8485
24.5,642,0,6.0,8473
25.5,642,0,5.7,8464
26.5,642,0,5.7,8484
27.6,642,0,5.8,8480
28.6,642,0,5.6,8492
29.6,642,0,5.7,8498
30.6,642,0,6.0,8507
31.6,642,0,5.6,8507
32.7,642,0,5.7,8498
33.7,642,0,5.9,8484
34.7,642,0,5.6,8511
35.7,642,0,5.7,8509
36.7,642,0,5.8,8534
37.8,642,0,5.5,8539
38.8,642,0,5.6,8534
39.8,642,0,5.6,8537
40.8,642,0,5.5,8538
41.9,642,0,5.4,8545
42.9,642,0,5.6,8546
43.9,642,0,5.3,8521
44.9,642,0,5.5,8525
45.9,642,0,5.5,8552
47.0,642,0,5.5,8529
48.0,642,0,5.4,8535
49.0,642,0,5.5,8535
50.0,642,0,5.5,8542
51.0,642,0,5.4,8527
52.1,642,0,5.5,8530
53.1,642,0,5.4,8537
54.1,642,0,5.3,8545
55.1,642,0,5.4,8561
56.1,642,0,5.4,8578
57.2,642,0,5.5,8581
58.2,642,0,5.4,8581
59.2,642,0,5.5,8573
60.2,642,0,5.4,8577
61.2,642,0,5.5,8601
62.3,642,0,5.3,8611
63.3,642,0,6.0,8641
64.3,642,0,5.7,8659
65.3,642,0,5.3,8671
66.4,642,0,5.4,8662
67.4,642,0,5.6,8671
68.4,642,0,5.4,8655
69.4,642,0,5.4,8662
70.4,642,0,5.5,8670
71.5,642,0,5.3,8689
72.5,642,0,5.3,8662
73.5,642,0,6.2,8645
74.5,642,0,5.4,8658
75.6,642,0,5.4,8665
76.6,642,0,5.4,8665
77.6,642,0,5.2,8651
78.6,642,0,5.3,8676
79.6,642,0,5.3,8676
80.7,642,0,5.3,8652
81.7,642,0,5.4,8671
82.7,642,0,5.3,8660
83.7,642,0,5.2,8678
84.8,642,0,5.3,8655
85.8,642,0,5.0,8662
86.8,642,0,5.4,8658
87.8,642,0,5.2,8659
88.8,642,0,5.4,8639
89.9,642,0,5.3,8646
90.9,642,0,5.6,8675
91.9,642,0,5.4,8668
92.9,642,0,5.7,8653
93.9,642,0,5.5,8658
95.0,642,0,5.7,8652
96.0,642,0,5.6,8662
97.0,642,0,5.7,8683
98.0,642,0,5.5,8680
99.1,642,0,5.5,8682
100.1,642,0,5.6,8681
101.1,642,0,5.6,8696
102.1,642,0,5.6,8704
103.1,642,0,5.7,8713
104.2,642,0,5.6,8707
105.2,642,0,5.8,8696
106.2,642,0,5.4,8681
107.2,642,0,5.6,8682
108.2,642,0,5.7,8691
109.3,642,0,5.5,8697
110.3,642,0,5.6,8696
111.3,642,0,5.6,8704
112.3,642,0,5.3,8699
113.3,642,0,5.5,8711
114.4,642,0,5.4,8701
115.4,642,0,5.4,8711
116.4,642,0,5.3,8715
117.4,642,0,5.4,8749
118.5,642,0,5.3,8753
119.5,642,0,5.4,8757
120.5,642,0,5.5,8739
121.5,642,0,5.3,8728
122.5,642,0,5.3,8719
123.6,642,0,5.5,8750
124.6,642,0,5.2,8761
125.6,642,0,5.3,8751
126.6,642,0,5.3,8771
127.6,642,0,5.3,8771
128.7,642,0,5.3,8784
129.7,642,0,5.4,8792
130.7,642,0,5.3,8802
131.7,642,0,5.2,8795
132.7,642,0,5.3,8790
133.8,642,0,5.2,8788
134.8,642,0,5.4,8819
135.8,642,0,5.3,8795
136.8,642,0,5.1,8787
137.8,642,0,5.2,8793
138.9,642,0,5.2,8813
139.9,642,0,5.4,8825
140.9,642,0,5.2,8823
141.9,642,0,5.2,8831
143.0,642,0,5.3,8817
144.0,642,0,5.4,8796
145.0,642,0,5.0,8815
146.0,642,0,5.3,8834
147.0,642,0,5.2,8813
148.1,642,0,5.3,8815
149.1,642,0,5.1,8828
150.1,642,0,5.3,8848
151.1,642,0,5.7,8843
152.1,642,0,5.4,8838
153.2,642,0,5.1,8827
154.2,642,0,5.3,8848
155.2,642,0,5.2,8879
156.2,642,0,5.3,8874
157.3,642,0,5.3,8882
158.3,642,0,5.2,8885
159.3,642,0,5.1,8865
160.3,642,0,5.1,8872
161.3,642,0,5.2,8877
162.3,642,0,5.1,8889
163.4,642,0,5.2,8889
164.4,642,0,5.2,8892
165.4,642,0,5.1,8884
166.4,642,0,5.1,8876
167.4,642,0,5.1,8877
168.5,642,0,5.2,8873
169.5,642,0,5.1,8877
170.5,642,0,5.0,8887
171.5,642,0,5.1,8906
172.6,642,0,5.0,8914
173.6,642,0,5.0,8926
174.6,642,0,5.0,8923
175.6,642,0,5.1,8913
176.6,642,0,5.2,8926
177.7,642,0,5.0,8904
178.7,642,0,5.0,8904
179.7,642,0,5.1,8926
180.7,642,0,5.2,8924
181.7,642,0,5.1,8919
182.8,642,0,5.0,8909
183.8,642,0,5.2,8922
184.8,642,0,5.1,8950
185.8,642,0,5.2,8937
186.9,642,0,4.9,8938
187.9,642,0,5.1,8953
188.9,642,0,5.2,8938
189.9,642,0,4.9,8958
190.9,642,0,5.0,8954
192.0,642,0,5.0,8957
193.0,642,0,4.8,8968
194.0,642,0,4.9,8971
195.0,642,0,4.9,8973
196.0,642,0,5.0,8972
197.1,642,0,5.1,8967
198.1,642,0,5.1,8973
199.1,642,0,4.9,8980
200.1,642,0,5.1,8975
201.2,642,0,4.9,8961
202.2,642,0,4.9,8956
203.2,642,0,4.9,8960
204.2,642,0,5.0,8950
205.2,642,0,4.7,8952
206.3,642,0,5.0,8969
207.3,642,0,5.1,8941
208.3,642,0,5.0,8936
209.3,642,0,5.0,8938
210.3,642,0,5.0,8944
211.4,642,0,4.9,8958
212.4,642,0,4.8,8977
213.4,642,0,4.9,8975
214.4,642,0,5.8,8953
215.4,642,0,4.9,8943
216.5,642,0,5.0,8936
217.5,642,0,4.8,8945
218.5,642,0,5.1,8962
219.5,642,0,5.0,8969
220.6,642,0,5.0,8968
221.6,642,0,4.9,8969
222.6,642,0,5.1,8976
223.6,642,0,5.0,8971
224.6,642,0,5.3,8975
225.7,642,0,4.9,8994
226.7,642,0,5.1,9006
227.7,642,0,5.0,9007
228.7,642,0,5.1,9037
229.7,642,0,5.1,9010
230.8,642,0,5.2,8999
231.8,642,0,5.2,8979
232.8,642,0,5.2,8960
233.8,642,0,5.0,8970
234.8,642,0,5.3,8966
235.9,642,0,5.3,8959
236.9,642,0,5.1,8962
237.9,642,0,5.2,8977
238.9,642,0,5.2,8989
240.0,642,0,5.0,8997
241.0,642,0,5.4,8972
242.0,642,0,5.1,8975
243.0,642,0,5.1,8967
244.0,642,0,5.4,9000
245.0,642,0,5.2,9020
246.1,642,0,5.2,9034
247.1,642,0,5.0,9036
248.1,642,0,5.0,9001
249.1,642,0,4.7,9010
250.2,642,0,4.9,9012
251.2,642,0,4.8,9023
252.2,642,0,4.9,9030
253.2,642,0,4.7,9035
254.3,642,0,4.8,9028
255.3,642,0,4.7,9044
256.3,642,0,4.8,9045
257.3,642,0,4.8,9054
258.3,642,0,4.8,9046
259.4,642,0,4.9,9047
260.4,642,0,4.8,9033
261.4,642,0,4.8,9031
262.4,642,0,4.8,9046
263.4,642,0,4.7,9030
264.5,642,0,4.7,9047
265.5,642,0,4.7,9067
266.5,642,0,4.8,9055
267.5,642,0,4.6,9056
268.5,642,0,4.6,9061
269.6,642,0,4.8,9051
270.6,642,0,4.9,9052
271.6,642,0,4.8,9062
272.6,642,0,4.8,9065
273.6,642,0,4.8,9082
274.7,642,0,4.9,9078
275.7,642,0,4.5,9093
276.7,642,0,5.0,9110
277.7,642,0,5.6,9171
278.7,642,0,4.8,9177
279.8,642,0,4.7,9178
280.8,642,0,4.7,9170
281.8,642,0,4.7,9169
282.8,642,0,4.9,9133
283.9,642,0,4.7,9123
284.9,642,0,4.7,9097
285.9,642,0,5.2,9104
286.9,642,0,4.8,9106
287.9,642,0,4.6,9105
289.0,642,0,4.8,9081
290.0,642,0,4.7,9071
291.0,642,0,4.8,9086
292.0,642,0,4.7,9085
293.0,642,0,4.7,9087
294.1,642,0,4.6,9082
295.1,642,0,4.8,9085
296.1,642,0,4.6,9094
297.1,642,0,4.8,9099
298.1,642,0,4.6,9117
299.2,642,0,4.8,9117
300.2,642,0,4.7,9111
301.2,642,0,4.8,9115
302.2,642,0,4.7,9130
303.2,642,0,4.8,9147
304.3,642,0,4.7,9128
305.3,642,0,4.7,9126
306.3,642,0,4.8,9127
307.3,642,0,4.6,9125
308.4,642,0,4.8,9118
309.4,642,0,4.9,9117
310.4,642,0,4.7,9115
311.4,642,0,5.0,9121
312.4,642,0,4.8,9117
313.5,642,0,4.8,9116
314.5,642,0,4.8,9143
315.5,642,0,5.0,9154
316.5,642,0,4.8,9146
317.5,642,0,4.9,9129
318.6,642,0,4.7,9140
319.6,642,0,5.1,9159
320.6,642,0,4.8,9163
321.6,642,0,4.7,9157
322.6,642,0,4.8,9167
323.7,642,0,4.8,9178
324.7,642,0,4.8,9179
325.7,642,0,4.8,9166
326.7,642,0,4.9,9156
327.7,642,0,4.9,9152
328.8,642,0,4.7,9153
329.8,642,0,4.9,9143
330.8,642,0,4.7,9136
331.8,642,0,5.0,9149
332.8,642,0,4.8,9146
333.9,643,0,4.8,9147
334.9,643,0,4.8,9138
335.9,643,0,4.9,9137
336.9,643,0,4.7,9147
338.0,643,0,4.7,9157
339.0,643,0,4.7,9156
340.0,643,0,4.6,9161
341.0,643,0,4.8,9149
342.0,643,0,4.6,9153
343.1,643,0,4.8,9172
344.1,643,0,4.5,9172
345.1,643,0,4.8,9173
346.1,643,0,4.5,9182
347.2,643,0,4.9,9194
348.2,643,0,4.6,9184
349.2,643,0,4.7,9176
350.2,643,0,4.7,9194
351.2,643,0,4.8,9195
352.3,643,0,4.6,9186
353.3,643,0,4.7,9181
354.3,643,0,4.6,9173
355.3,643,0,4.6,9168
356.3,643,0,4.8,9173
357.4,643,0,4.8,9153
358.4,643,0,4.7,9164
359.4,643,0,4.7,9179
360.4,643,0,4.7,9176
361.4,643,0,5.8,9173
362.5,643,0,4.7,9186
363.5,643,0,5.3,9209
364.5,643,0,4.9,9214
365.5,643,0,4.9,9217
366.6,643,0,5.7,9206
367.6,643,0,5.0,9208
368.6,643,0,4.9,9231
369.6,643,0,5.0,9234
370.6,643,0,5.1,9208
371.7,643,0,5.0,9195
372.7,643,0,5.0,9189
373.7,643,0,4.9,9198
374.7,643,0,5.0,9200
375.7,643,0,4.9,9181
376.8,643,0,5.1,9195
377.8,643,0,4.9,9205
378.8,643,0,5.0,9202
379.8,643,0,5.0,9212
380.9,643,0,5.0,9213
381.9,643,0,4.8,9230
382.9,643,0,4.9,9225
383.9,643,0,4.8,9213
384.9,643,0,4.8,9211
386.0,643,0,4.9,9209
387.0,643,0,4.8,9215
388.0,643,0,4.6,9223
389.0,643,0,4.6,9229
390.0,643,0,4.8,9221
391.1,643,0,4.7,9199
392.1,643,0,4.7,9192
393.1,643,0,4.5,9205
394.1,643,0,4.8,9184
395.1,643,0,4.6,9202
396.2,643,0,4.7,9191
397.2,643,0,4.6,9169
398.2,643,0,4.4,9180
399.2,643,0,4.7,9181
400.3,643,0,4.6,9173
401.3,643,0,4.7,9173
402.3,643,0,4.7,9183
403.3,643,0,4.6,9187
404.3,643,0,4.5,9201
405.4,643,0,4.6,9201
406.4,643,0,4.7,9195
407.4,643,0,4.7,9208
408.4,643,0,4.6,9198
409.4,643,0,4.6,9188
410.5,643,0,4.5,9199
411.5,643,0,4.6,9203
412.5,643,0,4.5,9189
413.5,643,0,4.6,9189
414.6,643,0,4.7,9194
415.6,643,0,4.4,9174
416.6,643,0,4.6,9179
417.6,643,0,4.7,9182
418.6,643,0,4.5,9193
419.7,643,0,4.4,9201
420.7,643,0,4.5,9218
421.7,643,0,4.7,9220
422.7,643,0,4.5,9222
423.7,643,0,4.6,9242
424.8,643,0,4.6,9261
425.8,643,0,4.7,9262
426.8,643,0,4.5,9266
427.8,643,0,4.6,9267
428.9,643,0,4.5,9274
429.9,643,0,4.6,9285
430.9,643,0,4.6,9269
431.9,643,0,4.5,9275
432.9,643,0,4.3,9263
434.0,643,0,4.7,9254
435.0,643,0,4.7,9247
436.0,643,0,4.6,9247
437.0,643,0,4.7,9260
438.0,643,0,4.5,9280
439.1,643,0,4.5,9287
440.1,643,0,4.6,9304
441.1,643,0,4.6,9306
442.1,643,0,4.6,9294
443.1,643,0,4.5,9281
444.2,643,0,4.5,9299
445.2,643,0,4.5,9301
446.2,643,0,4.6,9301
447.2,643,0,4.5,9311
448.2,643,0,4.4,9302
449.3,643,0,4.5,9303
450.3,643,0,4.7,9293
451.3,643,0,4.5,9306
452.3,643,0,4.5,9288
453.3,643,0,4.6,9283
454.4,643,0,4.5,9288
455.4,643,0,4.4,9306
456.4,643,0,4.6,9304
457.4,643,0,4.5,9297
458.4,643,0,4.5,9302
459.5,643,0,4.4,9298
460.5,643,0,4.5,9289
461.5,643,0,4.5,9283
462.5,643,0,4.6,9287
463.6,643,0,4.5,9291
464.6,643,0,4.4,9288
465.6,643,0,4.7,9291
466.6,643,0,4.5,9276
467.6,643,0,4.5,9297
468.7,643,0,4.5,9298
469.7,643,0,4.4,9305
470.7,643,0,4.6,9323
471.7,643,0,4.5,9334
472.7,643,0,4.4,9331
473.8,643,0,4.3,9328
474.8,643,0,4.6,9321
475.8,643,0,4.4,9315
476.8,643,0,4.6,9323
477.8,643,0,4.5,9322
478.9,643,0,4.5,9320
479.9,643,0,4.6,9321
480.9,643,0,4.5,9318
481.9,643,0,4.4,9314
483.0,643,0,4.6,9321
484.0,643,0,4.6,9363
485.0,643,0,4.5,9348
486.0,643,0,4.3,9341
487.0,643,0,4.6,9335
488.1,643,0,4.4,9342
489.1,643,0,4.5,9337
490.1,643,0,4.3,9338
491.1,643,0,4.7,9342
492.1,643,0,4.5,9343
493.2,643,0,4.4,9350
494.2,643,0,4.4,9350
495.2,643,0,4.7,9359
496.2,643,0,4.3,9377
497.3,643,0,4.5,9399
498.3,643,0,4.5,9397
499.3,643,0,4.5,9411
500.3,643,0,4.5,9399
501.3,643,0,4.6,9402
502.4,643,0,4.6,9410
503.4,643,0,4.6,9400
504.4,643,0,4.5,9370
505.4,643,0,4.8,9364
506.4,643,0,4.6,9355
507.5,643,0,4.7,9363
508.5,643,0,4.7,9374
509.5,643,0,4.6,9392
510.5,643,0,4.9,9392
511.5,643,0,4.7,9385
512.6,643,0,4.7,9373
513.6,643,0,4.9,9393
514.6,643,0,4.9,9402
515.6,643,0,4.8,9411
516.7,643,0,4.8,9392
517.7,643,0,4.6,9396
518.7,643,0,4.8,9399
519.7,643,0,4.8,9395
520.7,643,0,4.8,9378
521.8,643,0,4.8,9384
522.8,643,0,4.9,9384
523.8,643,0,4.8,9395
524.8,643,0,4.9,9385
525.9,643,0,4.6,9385
526.9,643,0,4.8,9376
527.9,643,0,4.6,9378
528.9,643,0,4.6,9377
529.9,643,0,4.5,9396
531.0,643,0,4.4,9380
532.0,643,0,4.5,9389
533.0,643,0,4.6,9378
534.0,643,0,4.4,9401
535.0,643,0,4.7,9408
536.1,643,0,4.4,9411
537.1,643,0,4.6,9416
538.1,643,0,4.4,9419
539.1,643,0,4.6,9417
540.1,643,0,4.5,9427
541.2,643,0,4.4,9434
542.2,643,0,4.5,9418
543.2,643,0,4.5,9439
544.2,643,0,4.5,9439
545.2,643,0,4.4,9443
546.3,643,0,4.5,9434
547.3,643,0,4.5,9435
548.3,643,0,4.2,9428
549.3,643,0,4.6,9424
550.4,643,0,4.3,9426
551.4,643,0,4.6,9424
552.4,643,0,4.4,9438
553.4,643,0,4.6,9423
554.4,643,0,4.4,9439
555.5,643,0,4.4,9449
556.5,643,0,4.3,9443
557.5,643,0,4.4,9449
558.5,643,0,4.2,9456
559.5,643,0,4.5,9468
560.6,643,0,4.3,9454
561.6,643,0,4.6,9433
562.6,643,0,4.3,9423
563.6,643,0,4.5,9407
564.7,643,0,4.3,9397
565.7,643,0,4.5,9411
566.7,643,0,7.9,9557
567.7,643,0,4.5,9553
568.7,643,0,4.4,9549
569.8,643,0,4.5,9522
570.8,643,0,4.5,9502
571.8,643,0,4.4,9493
572.8,643,0,4.2,9462
573.8,643,0,4.5,9453
574.9,643,0,6.0,9467
575.9,643,0,4.5,9470
576.9,643,0,4.4,9461
577.9,643,0,4.4,9458
578.9,643,0,4.4,9475
580.0,643,0,4.5,9436
581.0,643,0,4.2,9452
582.0,643,0,4.4,9472
583.0,643,0,4.3,9468
584.0,643,0,4.5,9457
585.1,643,0,4.4,9449
586.1,643,0,4.4,9456
587.1,643,0,4.4,9464
588.1,643,0,4.5,9472
589.2,643,0,4.4,9462
590.2,643,0,4.5,9461
591.2,643,0,4.3,9454
592.2,643,0,4.4,9458
593.2,643,0,4.5,9453
594.3,643,0,4.4,9464
595.3,643,0,4.5,9470
596.3,643,0,4.5,9467
597.3,643,0,4.3,9459
598.4,643,0,4.5,9466
599.4,643,0,4.3,9480
600.4,643,0,4.3,9476
601.4,643,0,4.4,9484
602.4,643,0,4.5,9476
603.5,643,0,4.7,9518
604.5,643,0,4.3,9515
605.5,643,0,4.4,9516
606.5,643,0,4.4,9531
607.5,643,0,4.5,9508
608.6,643,0,4.2,9513
609.6,643,0,4.6,9527
610.6,643,0,4.4,9514
611.6,643,0,4.4,9529
612.6,643,0,4.2,9518
613.7,643,0,4.5,9514
614.7,643,0,4.5,9520
615.7,643,0,4.5,9524
616.7,643,0,4.5,9522
617.7,643,0,4.7,9525
618.8,643,0,78.6,9533
619.8,643,0,15.9,9534
620.8,643,0,4.5,9558
621.9,643,0,4.5,9556
622.9,643,0,4.5,9555
623.9,643,0,4.5,9546
624.9,643,0,4.4,9548
625.9,643,0,4.5,9559
627.0,643,0,4.4,9567
628.0,643,0,4.5,9556
629.0,643,0,4.4,9574
630.0,643,0,4.4,9565
631.1,643,0,4.5,9564
632.1,643,0,4.7,9545
633.1,643,0,4.5,9546
634.1,643,0,4.5,9550
635.1,643,0,4.5,9540
636.2,643,0,4.6,9545
637.2,643,0,4.5,9555
638.2,643,0,4.5,9570
639.2,643,0,4.4,9595
640.2,643,0,4.5,9564
641.3,643,0,4.2,9579
642.3,643,0,4.5,9581
643.3,643,0,4.5,9580
644.3,643,0,4.4,9583
645.4,643,0,4.4,9578
646.4,643,0,4.6,9589
647.4,643,0,4.5,9574
648.4,643,0,4.8,9562
649.4,643,0,4.6,9564
650.5,643,0,4.6,9570
651.5,643,0,4.6,9582
652.5,643,0,4.8,9595
653.5,643,0,4.7,9594
654.5,643,0,4.7,9585
655.6,643,0,4.7,9566
656.6,643,0,4.7,9560
657.6,643,0,4.8,9560
658.6,643,0,4.7,9567
659.7,643,0,4.7,9567
660.7,643,0,4.8,9567
661.7,643,0,4.8,9587
662.7,643,0,4.8,9582
663.7,643,0,4.8,9592
664.8,643,0,4.8,9579
665.8,643,0,4.7,9596
666.8,643,0,4.6,9588
667.8,643,0,4.6,9596
668.8,643,0,4.6,9582
669.9,643,0,4.7,9579
670.9,643,0,4.5,9581
671.9,643,0,5.7,9517
672.9,643,0,4.5,9514
673.9,643,0,4.5,9521
675.0,643,0,4.5,9528
676.0,643,0,4.6,9502
677.0,643,0,4.6,9503
678.0,643,0,4.3,9508
679.1,643,0,4.4,9529
680.1,643,0,4.3,9531
681.1,643,0,4.4,9540
682.1,643,0,4.4,9529
683.1,643,0,4.5,9524
684.2,643,0,4.3,9522
685.2,643,0,4.5,9531
686.2,643,0,4.2,9537
687.2,643,0,4.5,9546
688.2,643,0,4.4,9541
689.3,643,0,4.4,9550
690.3,643,0,4.5,9552
691.3,643,0,4.4,9569
692.3,643,0,4.4,9571
693.3,643,0,4.4,9574
694.4,643,0,4.5,9562
695.4,643,0,4.4,9561
696.4,643,0,4.3,9563
697.4,643,0,4.4,9568
698.4,643,0,4.4,9559
699.5,643,0,4.2,9544
700.5,643,0,4.3,9552
701.5,643,0,4.4,9546
702.5,643,0,4.4,9514
703.5,643,0,4.3,9520
704.6,643,0,4.4,9534
705.6,643,0,4.3,9551
706.6,643,0,4.4,9540
707.6,643,0,4.4,9542
708.7,643,0,4.2,9556
709.7,643,0,4.3,9556
710.7,643,0,4.4,9557
711.7,643,0,4.4,9545
712.7,643,0,4.2,9534
713.8,643,0,4.4,9537
714.8,643,0,4.2,9536
715.8,643,0,4.4,9551
716.8,643,0,4.4,9555
717.8,643,0,4.2,9555
718.9,643,0,4.5,9573
719.9,643,0,4.3,9594
720.9,643,0,4.2,9608
721.9,643,0,4.4,9604
722.9,643,0,4.3,9603
724.0,643,0,4.4,9623
725.0,643,0,4.5,9581
726.0,643,0,4.3,9592
727.0,643,0,4.3,9603
728.0,643,0,4.3,9596
729.1,643,0,4.3,9624
730.1,643,0,4.3,9626
731.1,643,0,4.6,9643
732.1,643,0,4.2,9660
733.1,643,0,4.2,9642
734.2,643,0,4.4,9638
735.2,643,0,4.4,9651
736.2,643,0,4.3,9652
737.2,643,0,4.2,9665
738.2,643,0,4.4,9676
739.3,643,0,4.3,9672
740.3,643,0,4.3,9663
741.3,643,0,4.4,9659
742.3,643,0,4.4,9662
743.3,643,0,4.4,9645
744.4,643,0,4.4,9649
745.4,643,0,4.3,9654
746.4,643,0,4.2,9668
747.4,643,0,4.4,9655
748.4,643,0,4.4,9675
749.5,643,0,4.4,9664
750.5,643,0,4.2,9670
751.5,643,0,4.4,9666
752.5,643,0,4.4,9669
753.6,643,0,4.3,9666
754.6,643,0,4.2,9661
755.6,643,0,4.5,9639
756.6,643,0,4.2,9643
757.6,643,0,4.4,9654
758.7,643,0,5.2,9639
759.7,643,0,4.4,9645
760.7,643,0,4.2,9644
761.7,643,0,4.2,9663
762.7,643,0,4.3,9670
763.7,643,0,4.4,9670
764.8,643,0,4.2,9672
765.8,643,0,4.3,9671
766.8,643,0,4.3,9676
767.8,643,0,4.4,9675
768.9,643,0,4.2,9698
769.9,643,0,4.2,9716
770.9,643,0,4.3,9706
771.9,643,0,4.3,9700
772.9,643,0,4.2,9693
774.0,643,0,4.3,9687
775.0,643,0,4.2,9685
776.0,643,0,4.5,9693
777.0,643,0,4.3,9694
778.0,643,0,5.5,9677
779.1,643,0,4.2,9667
780.1,643,0,4.3,9661
781.1,643,0,4.3,9666
782.1,643,0,4.4,9676
783.1,643,0,4.5,9693
784.2,643,0,5.4,9720
785.2,643,0,4.4,9720
786.2,643,0,4.4,9724
787.2,643,0,4.2,9743
788.2,643,0,4.4,9735
789.3,643,0,4.5,9725
790.3,643,0,4.5,9748
791.3,643,0,4.4,9749
792.3,643,0,4.4,9767
793.3,643,0,4.5,9781
794.4,643,0,4.6,9794
795.4,643,0,4.6,9778
796.4,643,0,4.5,9755
797.4,643,0,4.8,9755
798.4,643,0,4.6,9740
799.5,643,0,4.6,9725
800.5,643,0,4.5,9727
801.5,643,0,4.7,9733
802.5,643,0,4.7,9740
803.5,643,0,4.7,9736
804.6,643,0,4.6,9736
805.6,643,0,4.6,9725
806.6,643,0,4.6,9720
807.6,643,0,5.3,9712
808.6,643,0,4.6,9722
809.7,643,0,4.5,9735
810.7,643,0,4.4,9737
811.7,643,0,4.4,9738
812.7,643,0,4.3,9731
813.8,643,0,4.5,9726
814.8,643,0,4.3,9749
815.8,643,0,4.3,9735
816.8,643,0,4.1,9753
817.8,643,0,4.3,9757
818.9,643,0,4.2,9739
819.9,643,0,4.2,9735
820.9,643,0,4.2,9740
821.9,643,0,4.2,9755
822.9,643,0,4.3,9750
824.0,643,0,4.3,9752
825.0,643,0,4.1,9755
826.0,643,0,4.3,9757
827.0,643,0,4.3,9751
828.0,643,0,4.3,9746
829.1,643,0,4.3,9756
830.1,643,0,4.2,9764
831.1,643,0,5.4,9805
832.1,643,0,5.9,9816
833.2,643,0,4.5,9819
834.2,643,0,4.5,9825
835.2,643,0,4.3,9826
836.2,643,0,4.5,9809
837.2,643,0,4.4,9801
838.3,643,0,4.5,9815
839.3,643,0,4.2,9817
840.3,643,0,4.5,9820
841.3,643,0,4.3,9805
842.3,643,0,4.3,9808
843.4,643,0,4.4,9843
844.4,643,0,4.3,9844
845.4,643,0,4.3,9858
846.4,643,0,4.3,9859
847.4,643,0,4.3,9872
848.5,643,0,4.4,9853
849.5,643,0,4.2,9868
850.5,643,0,4.3,9874
851.5,643,0,4.2,9860
852.5,643,0,4.3,9845
853.6,643,0,4.2,9853
854.6,643,0,4.2,9839
855.6,643,0,4.2,9825
856.6,643,0,4.5,9814
857.6,643,0,4.1,9811
858.7,643,0,5.2,9821
859.7,643,0,4.2,9833
860.7,643,0,4.2,9813
861.7,643,0,4.2,9816
862.8,643,0,4.5,9811
863.8,643,0,4.1,9810
864.8,643,0,4.4,9795
865.8,643,0,4.0,9810
866.8,643,0,4.4,9828
867.9,643,0,4.2,9815
868.9,643,0,4.2,9796
869.9,643,0,4.2,9800
870.9,643,0,4.4,9814
871.9,643,0,4.1,9820
873.0,643,0,4.4,9808
874.0,643,0,4.2,9800
875.0,643,0,4.2,9793
876.0,643,0,4.1,9828
877.0,643,0,4.6,9906
878.1,643,0,4.3,9899
879.1,643,0,4.1,9892
880.1,643,0,4.4,9871
881.1,643,0,4.1,9868
882.1,643,0,4.4,9879
883.2,643,0,4.1,9876
884.2,643,0,4.2,9866
885.2,643,0,4.2,9877
886.2,643,0,4.4,9871
887.3,643,0,4.3,9870
888.3,643,0,4.3,9844
889.3,643,0,4.2,9856
890.3,643,0,4.2,9859
891.3,643,0,4.3,9848
892.4,643,0,4.2,9816
893.4,643,0,4.2,9821
894.4,643,0,4.3,9806
895.4,643,0,4.1,9834
896.4,643,0,4.3,9859
897.5,643,0,4.2,9849
898.5,643,0,4.3,9839
899.5,643,0,4.1,9852
900.5,643,0,4.3,9857
901.5,643,0,4.1,9846
902.6,643,0,4.4,9838
903.6,643,0,4.3,9870
904.6,643,0,4.1,9866
905.6,643,0,4.3,9875
906.6,643,0,4.1,9878
907.7,643,0,4.3,9875
908.7,643,0,4.1,9884
909.7,643,0,4.3,9872
910.7,643,0,4.2,9872
911.8,643,0,4.2,9856
912.8,643,0,4.2,9855
913.8,643,0,4.3,9883
914.8,643,0,4.2,9874
915.8,643,0,4.3,9868
916.9,643,0,4.2,9868
917.9,643,0,4.2,9872
918.9,643,0,4.2,9889
919.9,643,0,4.3,9874
920.9,643,0,4.1,9874
922.0,643,0,4.2,9900
923.0,643,0,4.4,9881
924.0,643,0,4.1,9887
925.0,643,0,4.3,9880
926.0,643,0,4.2,9900
927.1,643,0,4.3,9890
928.1,643,0,4.1,9903
929.1,643,0,4.3,9908
930.1,643,0,4.3,9895
931.2,643,0,4.4,9898
932.2,643,0,4.4,9881
933.2,643,0,4.4,9882
934.2,643,0,4.5,9878
935.2,643,0,4.5,9866
936.3,643,0,4.3,9862
937.3,643,0,4.6,9867
938.3,643,0,4.4,9883
939.3,643,0,4.7,9909
940.3,643,0,4.5,9907
941.4,643,0,4.8,9901
942.4,643,0,4.3,9901
943.4,643,0,4.7,9915
944.4,643,0,4.4,9915
945.4,643,0,4.5,9896
946.5,643,0,4.6,9904
947.5,643,0,4.7,9977
948.5,643,0,4.4,9967
949.5,643,0,4.5,9966
950.5,643,0,4.6,9962
951.6,643,0,4.3,9966
952.6,643,0,4.4,9965
953.6,643,0,4.3,9976
954.6,643,0,4.1,9987
955.7,643,0,4.4,9993
956.7,643,0,4.2,9985
957.7,643,0,4.5,9969
958.7,643,0,4.1,9982
959.7,643,0,4.2,9968
960.8,643,0,4.2,9974
961.8,643,0,4.2,9957
962.8,643,0,4.4,9961
963.8,643,0,4.4,9989
964.8,643,0,4.3,9988
965.9,643,0,4.1,9985
966.9,643,0,4.2,10003
967.9,643,0,4.1,9966
968.9,643,0,4.1,9975
969.9,643,0,4.3,9973
971.0,643,0,4.2,9982
972.0,643,0,4.2,9984
973.0,643,0,4.1,9966
974.0,643,0,4.3,9965
975.1,643,0,5.1,9978
976.1,643,0,6.3,9968
977.1,643,0,4.3,9967
978.1,643,0,4.2,9982
979.1,643,0,4.3,9992
980.2,643,0,5.2,9988
981.2,643,0,4.2,9980
982.2,643,0,4.0,10002
983.2,643,0,4.4,9985
984.2,643,0,4.1,10006
985.3,643,0,4.1,10010
986.3,643,0,4.1,10002
987.3,643,0,4.1,9990
988.3,643,0,4.1,9978
989.3,643,0,4.1,9980
990.4,643,0,4.2,9990
991.4,643,0,4.1,9990
992.4,643,0,4.1,10011
993.4,643,0,4.3,10004
994.4,643,0,4.1,10017
995.5,643,0,4.2,9992
996.5,643,0,4.1,9989
997.5,643,0,4.1,9987
998.5,643,0,4.3,9989
999.5,643,0,4.1,10007
1000.6,643,0,4.1,10013
1001.6,643,0,4.1,10018
1002.6,643,0,4.2,9999
1003.6,643,0,4.2,9974
1004.6,643,0,4.1,9973
1005.7,643,0,4.2,9962
1006.7,643,0,4.1,9989
1007.7,643,0,4.3,9991
1008.7,643,0,4.2,10004
1009.7,643,0,4.1,9988
1010.8,643,0,4.0,9982
1011.8,643,0,4.2,9981
1012.8,643,0,4.2,9995
1013.8,643,0,4.4,9990
1014.9,643,0,4.1,9983
1015.9,643,0,4.1,9976
1016.9,643,0,4.0,9972
1017.9,643,0,4.3,9964
1018.9,643,0,4.1,9978
1020.0,643,0,4.1,9988
1021.0,643,0,4.1,9999
1022.0,643,0,4.3,9996
1023.0,643,0,4.1,9991
1024.0,643,0,4.5,10021
1025.1,643,0,4.2,10026
1026.1,643,0,4.1,10036
1027.1,643,0,4.2,10043
1028.1,643,0,4.3,10048
1029.1,643,0,4.1,10063
1030.2,643,0,4.1,10057
1031.2,643,0,4.0,10073
1032.2,643,0,4.1,10074
1033.2,643,0,4.1,10080
1034.2,643,0,4.1,10076
1035.3,643,0,4.1,10080
1036.3,643,0,4.4,10050
1037.3,643,0,4.2,10071
1038.3,643,0,4.1,10063
1039.3,643,0,4.1,10081
1040.4,643,0,4.1,10102
1041.4,643,0,4.1,10099
1042.4,643,0,4.2,10086
1043.4,643,0,4.2,10084
1044.4,643,0,4.1,10066
1045.5,643,0,4.0,10061
1046.5,643,0,4.2,10050
1047.5,643,0,4.1,10047
1048.5,643,0,4.4,10064
1049.6,643,0,4.2,10065
1050.6,643,0,4.2,10055
1051.6,643,0,4.1,10054
1052.6,643,0,4.2,10049
1053.6,643,0,4.2,10052
1054.7,643,0,4.0,10047
1055.7,643,0,4.0,10050
1056.7,643,0,4.2,10045
1057.7,643,0,4.3,10042
1058.7,643,0,4.2,10042
1059.8,643,0,4.1,10055
1060.8,643,0,4.1,10029
1061.8,643,0,4.3,10025
1062.8,643,0,4.2,10048
1063.9,643,0,4.1,10079
1064.9,643,0,4.1,10072
1065.9,643,0,4.3,10070
1066.9,643,0,4.2,10061
1067.9,643,0,4.2,10062
1069.0,643,0,4.2,10064
1070.0,643,0,4.3,10068
1071.0,643,0,4.3,10056
1072.0,643,0,4.4,10081
1073.0,643,0,4.3,10089
1074.1,643,0,4.3,10100
1075.1,643,0,4.3,10086
1076.1,643,0,4.5,10076
1077.1,643,0,4.4,10067
1078.1,643,0,4.5,10072
1079.2,643,0,4.5,10075
1080.2,643,0,4.5,10075
1081.2,643,0,4.4,10065
1082.2,643,0,4.5,10068
1083.3,643,0,4.4,10069
1084.3,643,0,4.4,10079
1085.3,643,0,4.4,10100
1086.3,643,0,4.6,10107
1087.3,643,0,4.3,10104
1088.4,643,0,4.6,10102
1089.4,643,0,4.4,10083
1090.4,643,0,4.4,10088
1091.4,643,0,4.4,10100
1092.4,643,0,4.4,10107
1093.5,643,0,4.4,10110
1094.5,643,0,4.1,10091
1095.5,643,0,4.1,10095
1096.5,643,0,4.3,10108
1097.5,643,0,4.1,10090
1098.6,643,0,4.2,10094
1099.6,643,0,4.1,10101
1100.6,643,0,4.1,10089
1101.6,643,0,4.0,10089
1102.6,643,0,4.1,10102
1103.7,643,0,4.3,10113
1104.7,643,0,4.1,10130
1105.7,643,0,4.1,10133
1106.7,643,0,4.2,10130
1107.7,643,0,4.1,10119
1108.8,643,0,4.1,10128
1109.8,643,0,4.0,10122
1110.8,643,0,4.1,10121
1111.8,643,0,4.1,10129
1112.8,643,0,4.2,10123
1113.9,643,0,4.1,10123
1114.9,643,0,4.1,10126
1115.9,643,0,4.1,10122
1116.9,643,0,4.2,10128
1118.0,643,0,4.0,10123
1119.0,643,0,5.3,10134
1120.0,643,0,4.1,10137
1121.0,643,0,4.2,10131
1122.0,643,0,4.0,10144
1123.1,643,0,4.2,10125
1124.1,643,0,4.2,10128
1125.1,643,0,4.2,10140
1126.1,643,0,4.1,10127
1127.2,643,0,4.2,10136
1128.2,643,0,4.1,10133
1129.2,643,0,4.1,10108
1130.2,643,0,4.1,10125
1131.2,643,0,4.1,10118
1132.3,643,0,4.0,10106
1133.3,643,0,4.0,10119
1134.3,643,0,4.0,10123
1135.3,643,0,4.1,10140
1136.3,643,0,4.0,10141
1137.4,643,0,4.1,10176
1138.4,643,0,4.2,10196
1139.4,643,0,4.1,10204
1140.4,643,0,4.1,10191
1141.4,643,0,4.2,10200
1142.5,643,0,4.2,10193
1143.5,643,0,4.3,10191
1144.5,643,0,4.1,10187
1145.5,643,0,4.0,10193
1146.6,643,0,4.1,10198
1147.6,643,0,4.1,10202
1148.6,643,0,4.1,10227
1149.6,643,0,4.1,10220
1150.6,643,0,4.3,10188
1151.7,643,0,4.0,10181
1152.7,643,0,4.1,10185
1153.7,643,0,4.1,10183
1154.7,643,0,4.1,10210
1155.7,643,0,3.9,10216
1156.8,643,0,4.1,10210
1157.8,643,0,4.0,10200
1158.8,643,0,4.1,10213
1159.8,643,0,4.2,10215
1160.8,643,0,4.2,10209
1161.9,643,0,4.2,10210
1162.9,643,0,4.0,10196
1163.9,643,0,4.3,10174
1164.9,643,0,4.1,10176
1165.9,643,0,4.3,10243
1167.0,643,0,4.2,10241
1168.0,643,0,4.0,10257
1169.0,643,0,4.1,10244
1170.0,643,0,4.0,10225
1171.1,643,0,4.2,10201
1172.1,643,0,4.1,10200
1173.1,643,0,4.1,10203
1174.1,643,0,4.1,10199
1175.1,643,0,4.1,10195
1176.2,643,0,4.5,10186
1177.2,643,0,4.2,10193
1178.2,643,0,4.1,10199
1179.2,643,0,4.1,10198
1180.2,643,0,4.1,10196
1181.3,643,0,4.0,10182
1182.3,643,0,4.1,10179
1183.3,643,0,4.1,10192
1184.3,643,0,4.2,10178
1185.3,643,0,4.2,10171
1186.4,643,0,4.1,10163
1187.4,643,0,4.1,10146
1188.4,643,0,4.3,10158
1189.4,643,0,4.3,10176
1190.4,643,0,4.1,10167
1191.5,643,0,4.1,10162
1192.5,643,0,4.1,10170
1193.5,643,0,4.2,10176
1194.5,643,0,4.1,10191
1195.5,643,0,4.3,10186
1196.6,643,0,4.0,10202
1197.6,643,0,4.2,10201
1198.6,643,0,4.1,10201
1199.6,643,0,4.2,10208
1200.6,643,0,4.1,10208
1201.7,643,0,4.2,10180
1202.7,643,0,5.0,10172
1203.7,643,0,4.4,10206
1204.7,643,0,4.1,10213
1205.7,643,0,4.2,10208
1206.8,643,0,4.2,10222
1207.8,643,0,4.1,10221
1208.8,643,0,4.3,10229
1209.8,643,0,38.2,10243
1210.9,643,0,92.7,10256
1211.9,643,0,12.5,10245
1212.9,643,0,4.5,10259
1213.9,643,0,4.4,10254
1215.0,643,0,4.5,10252
1216.0,643,0,4.3,10252
1217.0,643,0,4.6,10253
1218.0,643,0,4.5,10267
1219.0,643,0,4.4,10279
1220.1,643,0,4.4,10302
1221.1,643,0,4.4,10277
1222.1,643,0,4.5,10260
1223.1,643,0,4.4,10243
1224.1,643,0,4.7,10244
1225.2,643,0,4.5,10241
1226.2,643,0,4.4,10236
1227.2,643,0,4.3,10232
1228.2,643,0,4.4,10210
1229.2,643,0,4.3,10214
1230.3,643,0,4.5,10204
1231.3,643,0,4.2,10230
1232.3,643,0,4.3,10223
1233.3,643,0,4.4,10230
1234.4,643,0,4.2,10232
1235.4,643,0,4.2,10225
1236.4,643,0,4.1,10236
1237.4,643,0,4.1,10215
1238.4,643,0,4.1,10242
1239.5,643,0,4.2,10252
1240.5,643,0,4.1,10241
1241.5,643,0,4.1,10242
1242.5,643,0,4.0,10243
1243.5,643,0,4.1,10247
1244.6,643,0,4.0,10265
1245.6,643,0,4.1,10267
1246.6,643,0,4.1,10262
1247.6,643,0,4.0,10249
1248.6,643,0,3.9,10249
1249.7,643,0,4.1,10254
1250.7,643,0,4.1,10256
1251.7,643,0,4.2,10276
1252.7,643,0,4.0,10284
1253.7,643,0,4.1,10270
1254.8,643,0,4.0,10242
1255.8,643,0,4.1,10260
1256.8,643,0,4.1,10250
1257.8,643,0,4.2,10245
1258.8,643,0,4.0,10255
1259.9,643,0,4.3,10252
1260.9,643,0,4.0,10245
1261.9,643,0,4.1,10246
1262.9,643,0,4.0,10242
1264.0,643,0,4.2,10266
1265.0,643,0,4.1,10267
1266.0,643,0,4.1,10281
1267.0,643,0,4.0,10287
1268.0,643,0,4.1,10290
1269.1,643,0,3.9,10291
1270.1,643,0,4.2,10296
1271.1,643,0,4.0,10311
1272.1,643,0,4.1,10324
1273.1,643,0,4.0,10339
1274.2,643,0,4.1,10349
1275.2,643,0,3.9,10321
1276.2,643,0,4.1,10313
1277.2,643,0,4.1,10302
1278.2,643,0,4.2,10294
1279.3,643,0,4.0,10308
1280.3,643,0,4.0,10305
1281.3,643,0,4.0,10300
1282.3,643,0,4.1,10322
1283.3,643,0,4.1,10315
1284.4,643,0,4.2,10319
1285.4,643,0,4.1,10305
1286.4,643,0,4.1,10287
1287.4,643,0,4.0,10285
1288.4,643,0,4.2,10279
1289.5,643,0,4.0,10281
1290.5,643,0,4.2,10292
1291.5,643,0,4.0,10288
1292.5,643,0,4.2,10286
1293.5,643,0,4.1,10287
1294.6,643,0,3.9,10286
1295.6,643,0,4.1,10278
1296.6,643,0,4.1,10285
1297.6,643,0,3.9,10290
1298.6,643,0,4.2,10277
1299.7,643,0,4.0,10277
1300.7,643,0,4.1,10285
1301.7,643,0,4.0,10275
1302.7,643,0,3.9,10297
1303.7,643,0,4.1,10289
1304.8,643,0,4.1,10308
1305.8,643,0,3.9,10316
1306.8,643,0,4.2,10315
1307.8,643,0,4.1,10322
1308.8,643,0,4.0,10309
1309.9,643,0,4.2,10330
1310.9,643,0,4.1,10336
1311.9,643,0,4.0,10314
1312.9,643,0,4.1,10317
1313.9,643,0,4.1,10318
1315.0,643,0,4.0,10323
1316.0,643,0,4.0,10302
1317.0,643,0,4.2,10305
1318.0,643,0,3.9,10314
1319.0,643,0,4.1,10299
1320.1,643,0,4.2,10299
1321.1,643,0,4.0,10305
1322.1,643,0,3.9,10306
1323.1,643,0,4.4,10351
1324.2,643,0,4.4,10352
1325.2,643,0,3.9,10374
1326.2,643,0,4.0,10358
1327.2,643,0,4.2,10372
1328.2,643,0,4.1,10378
1329.3,643,0,3.9,10371
1330.3,643,0,4.1,10364
1331.3,643,0,4.0,10361
1332.3,643,0,4.0,10367
1333.3,643,0,4.0,10369
1334.4,643,0,4.1,10385
1335.4,643,0,3.9,10410
1336.4,643,0,4.0,10423
1337.4,643,0,3.9,10410
1338.4,643,0,3.9,10430
1339.5,643,0,4.1,10430
1340.5,643,0,4.2,10422
1341.5,643,0,3.9,10414
1342.5,643,0,4.1,10385
1343.5,643,0,4.2,10361
1344.6,643,0,4.3,10343
1345.6,643,0,4.2,10356
1346.6,643,0,4.2,10354
1347.6,643,0,4.1,10351
1348.6,643,0,4.3,10351
1349.7,643,0,4.3,10372
1350.7,643,0,4.4,10366
1351.7,643,0,4.3,10389
1352.7,643,0,4.2,10399
1353.7,643,0,4.4,10385
1354.8,643,0,4.5,10382
1355.8,643,0,4.3,10386
1356.8,643,0,4.4,10352
1357.8,643,0,4.3,10368
1358.9,643,0,4.6,10362
1359.9,643,0,4.3,10337
1360.9,643,0,4.5,10353
1361.9,643,0,4.5,10354
1362.9,643,0,4.4,10363
1364.0,643,0,4.4,10350
1365.0,643,0,4.3,10346
1366.0,643,0,4.3,10363
1367.0,643,0,4.4,10360
1368.0,643,0,4.2,10360
1369.1,643,0,4.1,10375
1370.1,643,0,4.2,10368
1371.1,643,0,4.3,10381
1372.1,643,0,4.0,10372
1373.1,643,0,4.2,10384
1374.2,643,0,4.1,10372
1375.2,643,0,4.0,10371
1376.2,643,0,4.1,10372
1377.2,643,0,4.1,10374
1378.2,643,0,3.9,10363
1379.3,643,0,4.1,10369
1380.3,643,0,3.9,10370
1381.3,643,0,4.1,10370
1382.3,643,0,4.0,10364
1383.4,643,0,4.2,10387
1384.4,643,0,4.0,10404
1385.4,643,0,4.0,10401
1386.4,643,0,4.1,10420
1387.4,643,0,4.0,10441
1388.5,643,0,4.0,10448
1389.5,643,0,4.1,10438
1390.5,643,0,3.9,10427
1391.5,643,0,4.1,10445
1392.5,643,0,4.0,10436
1393.6,643,0,3.9,10407
1394.6,643,0,4.0,10401
1395.6,643,0,4.1,10405
1396.6,643,0,4.0,10426
1397.6,643,0,4.1,10420
1398.7,643,0,4.0,10432
1399.7,643,0,4.0,10459
1400.7,643,0,3.9,10444
1401.7,643,0,4.1,10420
1402.8,643,0,4.2,10444
1403.8,643,0,4.0,10430
1404.8,643,0,4.0,10441
1405.8,643,0,4.2,10434
1406.8,643,0,3.9,10426
1407.9,643,0,4.1,10417
1408.9,643,0,4.0,10411
1409.9,643,0,4.0,10408
1410.9,643,0,4.2,10410
1411.9,643,0,3.9,10405
1413.0,643,0,3.9,10429
1414.0,643,0,4.1,10420
1415.0,643,0,4.0,10408
1416.0,643,0,3.9,10426
1417.0,643,0,4.1,10417
1418.1,643,0,3.9,10417
1419.1,643,0,4.1,10399
1420.1,643,0,4.0,10389
1421.1,643,0,4.0,10374
1422.1,643,0,4.1,10397
1423.2,643,0,3.9,10395
1424.2,643,0,4.1,10397
1425.2,643,0,4.1,10388
1426.2,643,0,4.0,10384
1427.2,643,0,4.1,10389
1428.3,643,0,3.8,10403
1429.3,643,0,4.1,10409
1430.3,643,0,3.9,10417
1431.3,643,0,4.1,10422
1432.3,643,0,3.8,10432
1433.4,643,0,4.1,10442
1434.4,643,0,4.1,10441
1435.4,643,0,3.9,10438
1436.4,643,0,4.0,10436
1437.4,643,0,4.0,10430
1438.5,643,0,4.0,10441
1439.5,643,0,4.1,10440
1440.5,643,0,3.8,10456
1441.5,643,0,4.2,10466
1442.5,643,0,4.0,10464
1443.6,643,0,4.2,10474
1444.6,643,0,4.8,10465
1445.6,643,0,3.9,10452
1446.6,643,0,4.0,10444
1447.6,643,0,3.9,10439
1448.7,643,0,4.1,10449
1449.7,643,0,3.9,10449
1450.7,643,0,4.1,10466
1451.7,643,0,4.0,10460
1452.7,643,0,4.0,10455
1453.8,643,0,5.1,10457
1454.8,643,0,4.0,10446
1455.8,643,0,4.0,10446
1456.8,643,0,4.0,10443
1457.8,643,0,4.2,10450
1458.9,643,0,4.0,10453
1459.9,643,0,4.0,10467
1460.9,643,0,3.8,10472
1461.9,643,0,4.2,10456
1463.0,643,0,3.9,10467
1464.0,643,0,4.1,10426
1465.0,643,0,3.9,10434
1466.0,643,0,4.2,10432
1467.0,643,0,4.1,10420
1468.1,643,0,3.9,10436
1469.1,643,0,4.1,10445
1470.1,643,0,3.9,10472
1471.1,643,0,4.1,10479
1472.1,643,0,4.0,10465
1473.2,644,0,4.1,10478
1474.2,644,0,3.9,10467
1475.2,644,0,4.1,10459
1476.2,644,0,3.9,10455
1477.2,644,0,4.6,10509
1478.3,644,0,4.0,10513
1479.3,644,0,4.1,10520
1480.3,644,0,4.0,10513
1481.3,644,0,4.0,10515
1482.3,644,0,4.0,10518
1483.4,644,0,4.1,10516
1484.4,644,0,4.1,10476
1485.4,644,0,4.3,10472
1486.4,644,0,4.3,10482
1487.4,644,0,4.3,10487
1488.5,644,0,4.2,10482
1489.5,644,0,4.4,10478
1490.5,644,0,4.2,10491
1491.5,644,0,4.3,10490
1492.5,644,0,4.2,10491
1493.6,644,0,4.4,10473
1494.6,644,0,4.3,10470
1495.6,644,0,4.5,10465
1496.6,644,0,4.4,10481
1497.7,644,0,4.4,10488
1498.7,644,0,4.2,10489
1499.7,644,0,4.3,10489
1500.7,644,0,4.5,10488
1501.7,644,0,4.3,10472
1502.8,644,0,4.4,10493
1503.8,644,0,4.5,10500
1504.8,644,0,4.5,10521
1505.8,644,0,4.2,10515
1506.8,644,0,4.2,10484
1507.9,644,0,5.8,10512
1508.9,644,0,95.2,10531
1509.9,644,0,67.3,10532
1511.0,644,0,4.1,10536
1512.0,644,0,4.0,10537
1513.0,644,0,4.1,10538
1514.0,644,0,4.0,10541
1515.0,644,0,4.0,10566
1516.1,644,0,3.9,10570
1517.1,644,0,4.1,10572
1518.1,644,0,3.9,10561
1519.1,644,0,4.0,10571
1520.2,644,0,3.9,10564
1521.2,644,0,4.0,10571
1522.2,644,0,3.9,10576
1523.2,644,0,4.0,10565
1524.2,644,0,4.0,10560
1525.3,644,0,4.1,10558
1526.3,644,0,3.9,10543
1527.3,644,0,4.1,10555
1528.3,644,0,4.0,10555
1529.3,644,0,4.1,10545
1530.4,644,0,4.0,10533
1531.4,644,0,4.0,10543
1532.4,644,0,4.0,10523
1533.4,644,0,4.0,10539
1534.4,644,0,4.1,10536
1535.5,644,0,3.9,10539
1536.5,644,0,4.1,10537
1537.5,644,0,3.9,10560
1538.5,644,0,4.1,10548
1539.5,644,0,4.0,10555
1540.6,644,0,4.0,10527
1541.6,644,0,4.0,10536
1542.6,644,0,4.0,10536
1543.6,644,0,4.0,10532
1544.6,644,0,3.8,10526
1545.7,644,0,4.1,10539
1546.7,644,0,3.9,10514
1547.7,644,0,4.1,10525
1548.7,644,0,4.0,10519
1549.7,644,0,4.1,10510
1550.8,644,0,3.8,10499
1551.8,644,0,4.0,10505
1552.8,644,0,4.0,10526
1553.8,644,0,4.0,10525
1554.8,644,0,4.0,10533
1555.9,644,0,4.0,10516
1556.9,644,0,4.0,10533
1557.9,644,0,3.9,10541
1558.9,644,0,5.0,10532
1559.9,644,0,3.8,10537
1561.0,644,0,4.0,10554
1562.0,644,0,4.0,10568
1563.0,644,0,3.9,10567
1564.0,644,0,4.8,10593
1565.0,644,0,3.9,10590
1566.1,644,0,4.0,10580
1567.1,644,0,4.0,10576
1568.1,644,0,4.0,10591
1569.1,644,0,4.0,10603
1570.1,644,0,4.1,10602
1571.2,644,0,4.0,10603
1572.2,644,0,4.0,10603
1573.2,644,0,3.9,10615
1574.2,644,0,4.0,10630
1575.2,644,0,4.0,10606
1576.3,644,0,3.9,10603
1577.3,644,0,4.4,10593
1578.3,644,0,4.0,10585
1579.3,644,0,4.1,10583
1580.4,644,0,4.0,10574
1581.4,644,0,4.0,10573
1582.4,644,0,4.1,10574
1583.4,644,0,3.9,10569
1584.4,644,0,4.0,10568
1585.5,644,0,4.0,10581
1586.5,644,0,3.9,10584
1587.5,644,0,4.1,10560
1588.5,644,0,3.8,10558
1589.5,644,0,4.2,10551
1590.6,644,0,3.8,10552
1591.6,644,0,4.1,10566
1592.6,644,0,3.9,10556
1593.6,644,0,4.2,10569
1594.7,644,0,3.8,10566
1595.7,644,0,4.1,10559
1596.7,644,0,4.0,10578
1597.7,644,0,3.8,10560
1598.7,644,0,4.2,10535
1599.8,644,0,3.9,10552
1600.8,644,0,4.0,10547
1601.8,644,0,4.1,10558
1602.8,644,0,4.0,10592
1603.8,644,0,4.0,10586
1604.9,644,0,4.1,10607
1605.9,644,0,4.0,10601
1606.9,644,0,4.2,10585
1607.9,644,0,3.9,10591
1608.9,644,0,4.0,10609
1610.0,644,0,4.0,10632
1611.0,644,0,4.0,10639
1612.0,644,0,4.1,10645
1613.0,644,0,4.0,10638
1614.0,644,0,4.1,10626
1615.1,644,0,4.0,10615
1616.1,644,0,4.1,10635
1617.1,644,0,4.0,10616
1618.1,644,0,4.1,10606
1619.1,644,0,4.2,10608
1620.2,644,0,4.0,10604
1621.2,644,0,4.1,10622
1622.2,644,0,4.0,10625
1623.2,644,0,4.5,10634
1624.2,644,0,4.1,10617
1625.3,644,0,4.5,10618
1626.3,644,0,4.1,10621
1627.3,644,0,4.4,10636
1628.3,644,0,93.2,10667
1629.4,644,0,95.8,10668
1630.4,644,0,32.7,10670
1631.5,644,0,4.3,10667
1632.5,644,0,4.3,10687
1633.5,644,0,4.3,10693
1634.5,644,0,4.4,10695
1635.5,644,0,4.5,10696
1636.6,644,0,4.4,10689
1637.6,644,0,4.5,10683
1638.6,644,0,4.3,10677
1639.6,644,0,53.5,10741
1640.7,644,0,94.1,10770
1641.7,644,0,93.4,10741
1642.7,644,0,4.5,10736
1643.8,644,0,4.3,10731
1644.8,644,0,4.3,10734
1645.8,644,0,4.4,10726
1646.8,644,0,4.2,10726
1647.8,644,0,4.4,10727
1648.9,644,0,4.3,10713
1649.9,644,0,4.2,10712
1650.9,644,0,4.0,10718
1651.9,644,0,4.3,10710
1652.9,644,0,4.1,10702
1654.0,644,0,4.1,10711
1655.0,644,0,4.2,10700
1656.0,644,0,4.1,10698
1657.0,644,0,4.1,10704
1658.0,644,0,4.3,10738
1659.1,644,0,4.1,10732
1660.1,644,0,4.2,10732
1661.1,644,0,4.1,10717
1662.1,644,0,4.2,10723
1663.1,644,0,4.1,10736
1664.2,644,0,4.1,10747
1665.2,644,0,4.1,10713
1666.2,644,0,4.1,10731
1667.2,644,0,4.0,10736
1668.3,644,0,4.0,10733
1669.3,644,0,4.1,10729
1670.3,644,0,4.1,10722
1671.3,644,0,4.0,10723
1672.3,644,0,4.3,10729
1673.3,644,0,4.0,10722
1674.4,644,0,4.2,10731
1675.4,644,0,4.1,10717
1676.4,644,0,4.1,10703
1677.4,644,0,4.1,10699
1678.4,644,0,4.1,10704
1679.5,644,0,4.1,10702
1680.5,644,0,4.0,10709
1681.5,644,0,4.1,10710
1682.5,644,0,4.1,10701
1683.5,644,0,4.3,10721
1684.6,644,0,4.2,10706
1685.6,644,0,4.1,10728
1686.6,644,0,4.2,10701
1687.6,644,0,4.1,10708
1688.7,644,0,4.0,10709
1689.7,644,0,4.2,10719
1690.7,644,0,4.0,10721
1691.7,644,0,4.3,10703
1692.7,644,0,4.1,10700
1693.8,644,0,4.1,10701
1694.8,644,0,4.1,10716
1695.8,644,0,4.2,10718
1696.8,644,0,4.1,10720
1697.9,644,0,4.1,10726
1698.9,644,0,77.7,10769
1699.9,644,0,95.8,10772
1700.9,644,0,25.7,10753
1702.0,644,0,4.0,10743
1703.0,644,0,4.0,10759
1704.0,644,0,4.1,10756
1705.0,644,0,4.1,10739
1706.1,644,0,4.3,10763
1707.1,644,0,4.0,10763
1708.1,644,0,4.5,10784
1709.1,644,0,4.5,10745
1710.1,644,0,4.1,10731
1711.2,644,0,4.1,10746
1712.2,644,0,4.2,10747
1713.2,644,0,4.2,10748
1714.2,644,0,4.0,10735
1715.2,644,0,4.0,10723
1716.3,644,0,3.9,10721
1717.3,644,0,4.2,10721
1718.3,644,0,4.1,10702
1719.3,644,0,4.0,10711
1720.3,644,0,4.0,10710
1721.4,644,0,4.0,10703
1722.4,644,0,4.1,10721
1723.4,644,0,4.0,10722
1724.4,644,0,4.2,10724
1725.4,644,0,4.2,10720
1726.5,644,0,4.2,10729
1727.5,644,0,4.0,10737
1728.5,644,0,4.1,10735
1729.5,644,0,4.0,10716
1730.5,644,0,4.2,10723
1731.6,644,0,4.0,10734
1732.6,644,0,4.1,10732
1733.6,644,0,4.0,10749
1734.6,644,0,4.1,10737
1735.6,644,0,4.0,10725
1736.7,644,0,4.2,10707
1737.7,644,0,4.0,10715
1738.7,644,0,4.1,10711
1739.7,644,0,4.1,10714
1740.8,644,0,4.0,10711
1741.8,644,0,4.1,10726
1742.8,644,0,4.0,10708
1743.8,644,0,4.1,10708
1744.8,644,0,4.2,10704
1745.9,644,0,4.0,10706
1746.9,644,0,4.0,10704
1747.9,644,0,4.0,10705
1748.9,644,0,4.1,10694
1749.9,644,0,4.0,10709
1751.0,644,0,4.0,10707
1752.0,644,0,4.1,10713
1753.0,644,0,4.1,10717
1754.0,644,0,4.0,10704
1755.0,644,0,4.1,10701
1756.1,644,0,4.1,10706
1757.1,644,0,4.3,10737
1758.1,644,0,3.3,11191
1759.1,644,0,3.4,11649
1760.1,644,0,3.3,12093
1761.2,644,0,3.5,12463
1762.2,644,0,4.6,12786
1763.2,644,0,3.8,13049
1764.2,644,0,96.0,13082
1765.3,644,0,98.7,13124
1766.3,644,0,98.9,13174
1767.3,644,0,62.4,13223
1768.4,644,0,100.0,13222
1769.4,644,0,76.5,13220
1770.4,644,0,42.4,13219
1771.5,644,0,97.2,13219
1772.5,644,0,99.1,13217
1773.5,644,0,41.1,13222
1774.5,644,0,64.8,13216
1775.6,644,0,100.0,13224
1776.6,644,0,63.1,13215
1777.6,644,0,100.0,13224
1778.7,644,0,66.9,13210
1779.7,644,0,99.8,13224
1780.7,644,0,75.4,13199
1781.7,644,0,87.2,13219
1782.8,644,0,100.0,13224
1783.8,644,0,65.8,13211
1784.8,644,0,100.0,13214
1785.8,644,0,75.4,13204
1786.9,644,0,91.9,13200
1787.9,644,0,100.0,13212
1789.0,644,0,66.9,13224
1790.0,644,0,100.0,13220
1791.0,644,0,62.5,13213
1792.1,644,0,100.0,13223
1793.1,644,0,66.5,13213
1794.1,644,0,100.0,13224
1795.2,644,0,70.5,13217
1796.2,644,0,96.0,13213
1797.2,644,0,74.8,13216
1798.2,644,0,89.2,13211
1799.3,644,0,100.0,13214
1800.3,644,0,67.3,13209
1801.3,644,0,100.0,13194
1802.4,644,0,63.0,13192
1803.4,644,0,100.0,13227
1804.4,644,0,63.1,13225
1805.4,644,0,100.0,13228
1806.5,644,0,68.9,13224
1807.5,644,0,94.1,13226
1808.5,644,0,75.1,13223
1809.5,644,0,91.1,13214
1810.6,644,0,80.3,13216
1811.6,644,0,86.8,13210
1812.6,644,0,84.5,13218
1813.7,644,0,82.2,13227
1814.7,644,0,99.6,13225
1815.7,644,0,56.1,13224
1816.7,644,0,100.0,13222
1817.8,644,0,63.6,13217
1818.8,644,0,100.0,13227
1819.8,645,0,62.8,13217
1820.9,645,0,100.0,13211
1821.9,642,0,63.0,13222
1822.9,642,0,100.0,13218
1824.0,642,0,64.6,13196
1825.0,636,0,100.0,13202
1826.0,636,0,93.5,13219
1827.1,636,0,73.8,13216
1828.1,636,0,100.0,13221
1829.1,636,0,68.2,13218
1830.2,636,0,99.9,13223
1831.2,636,0,100.0,13226
1832.3,636,0,66.2,13226
1833.3,636,0,100.0,13212
1834.3,636,0,64.2,13227
1835.4,636,0,100.0,13223
1836.4,636,0,100.0,13219
1837.4,636,0,63.2,13224
1838.5,636,0,100.0,13219
1839.5,636,0,100.0,13224
1840.5,636,0,67.3,13223
1841.6,636,0,87.7,13223
1842.6,636,0,79.4,13227
1843.6,636,0,94.3,13212
1844.6,636,0,73.4,13226
1845.7,636,0,95.9,13216
1846.7,636,0,71.1,13218
1847.8,636,0,97.5,13212
1848.8,636,0,69.3,13224
1849.8,636,0,99.0,13217
1850.9,636,0,67.9,13215
1851.9,636,0,99.2,13227
1852.9,636,0,64.4,13222
1854.0,636,0,99.3,13218
1855.0,636,0,67.6,13219
1856.0,636,0,99.4,13216
1857.1,636,0,68.4,13226
1858.1,636,0,99.3,13219
1859.1,636,0,68.4,13212
1860.2,636,0,99.2,13218
1861.2,636,0,68.5,13226
1862.3,636,0,99.3,13208
1863.3,636,0,69.1,13219
1864.4,636,0,99.6,13221
1865.4,636,0,68.0,13221
1866.4,636,0,99.6,13218
1867.4,636,0,64.2,13218
1868.5,636,0,99.9,13211
1869.5,636,0,62.8,13209
1870.5,636,0,100.0,13211
1871.6,636,0,63.3,13210
1872.6,636,0,100.0,13211
1873.6,636,0,66.8,13212
1874.7,636,0,100.0,13214
1875.7,636,0,67.5,13209
1876.7,636,0,100.0,13212
1877.7,636,0,67.4,13216
1878.8,636,0,100.0,13218
1879.8,636,0,67.8,13217
1880.8,636,0,100.0,13220
1881.9,636,0,66.4,13220
1882.9,636,0,100.0,13213
1883.9,636,0,67.1,13195
1884.9,636,0,100.0,13220
1886.0,636,0,72.5,13223
1887.0,636,0,94.0,13209
1888.0,636,0,77.2,12704
1889.1,636,0,4.8,13243
1890.1,636,0,33.6,13229
1891.1,636,0,100.0,13296
1892.1,636,0,100.0,13384
1893.2,636,0,52.3,13402
1894.2,636,0,83.5,13442
1895.2,636,0,100.0,13471
1896.2,636,0,67.5,13483
1897.3,636,0,49.1,13491
1898.3,636,0,100.0,13494
1899.3,636,0,99.0,13486
1900.4,636,0,36.2,13482
1901.4,636,0,99.8,13486
1902.4,636,0,100.0,13475
1903.4,636,0,89.9,13470
1904.5,636,0,48.1,13478
1905.5,636,0,100.0,13510
1906.5,636,0,98.5,13522
1907.6,636,0,47.1,13524
1908.6,636,0,100.0,13505
1909.6,636,0,100.0,13508
1910.7,636,0,57.5,13501
1911.7,636,0,88.8,13502
1912.7,636,0,100.0,13514
1913.7,636,0,89.6,13511
1914.8,636,0,57.9,13521
1915.8,636,0,100.0,13514
1916.8,636,0,100.0,13516
1917.9,636,0,87.8,13476
1918.9,636,0,59.6,13454
1919.9,636,0,100.0,13459
1921.0,636,0,99.9,13467
1922.0,636,0,48.8,13475
1923.1,636,0,100.0,13490
1924.1,636,0,100.0,13526
1925.1,636,0,54.9,13521
1926.1,636,0,90.4,13505
1927.2,636,0,100.0,13509
1928.2,636,0,74.7,13504
1929.2,636,0,68.5,13517
1930.3,636,0,100.0,13506
1931.3,636,0,69.1,13503
1932.3,636,0,77.3,13497
1933.4,636,0,100.0,13502
1934.4,636,0,73.6,13500
1935.4,636,0,55.6,13507
1936.5,636,0,100.0,13530
1937.5,636,0,60.2,13511
1938.5,636,0,87.3,13486
1939.6,636,0,100.0,13492
1940.6,636,0,73.5,13492
1941.6,636,0,74.3,13501
1942.6,636,0,98.8,13521
1943.7,636,0,48.2,13506
1944.7,636,0,100.0,13508
1945.7,636,0,89.0,13484
1946.7,636,0,10.6,12764
1947.8,636,0,3.3,12762
1948.8,636,0,2.8,12785
1949.8,636,0,0.8,12758
1950.8,636,0,3.4,12762
1951.8,636,0,3.3,12756
1952.9,636,0,3.3,12760
1953.9,636,0,3.3,12771
1954.9,636,0,3.3,12767
1955.9,636,0,3.3,12765
1956.9,636,0,3.5,12751
1958.0,636,0,3.3,12732
1959.0,636,0,3.4,12721
1960.0,636,0,3.3,12700
1961.0,636,0,3.3,12692
1962.0,636,0,3.3,8251
