run,ate_rmse_m,ate_mean_m,ate_median_m,ate_std_m,ate_max_m,rpe_point_dist_1m_rmse,rpe_rot_1m_rmse_deg,kitti_10m_trans_rmse,kitti_50m_trans_rmse,kitti_100m_trans_rmse,scale_factor,final_drift_m,frames_tracked,frames_total,track_pct,tracking_losses,loop_closures,map_resets,init_success,init_time_s,first_failure_s,wall_s,fps,rtf,cpu_mean_pct,cpu_peak_pct,ram_mean_mib,ram_peak_mib,vram_mean_mib,vram_peak_mib,gpu_mean_pct
run1,0.1979,0.1762,0.1535,0.0901,0.5027,0.0296,0.4085,0.1399,N/A,N/A,1.0050,0.3649,3682,3638,101.2,None,None,None,False,N/A,N/A,761.3,4.836,0.242,0.0,0.0,12579,16948,6604,8153,80.8
run2,0.1884,0.1661,0.1498,0.0889,0.4983,0.0290,0.4081,0.1419,N/A,N/A,1.0060,0.3134,3682,3638,101.2,None,None,None,False,N/A,N/A,1158.5,3.178,0.159,0.0,0.0,14690,18082,11042,20694,91.6
run3,0.1969,0.1750,0.1526,0.0902,0.5061,0.0292,0.4077,0.1411,N/A,N/A,1.0056,0.3655,3682,3638,101.2,None,None,None,False,N/A,N/A,793.4,4.641,0.232,0.0,0.0,12525,16000,6436,6535,76.9
run4,0.1897,0.1689,0.1539,0.0864,0.4854,0.0291,0.4039,0.1398,N/A,N/A,1.0061,0.3293,3682,3638,101.2,None,None,None,False,N/A,N/A,752.1,4.895,0.245,0.0,0.0,11518,15750,6463,6535,83.5
run5,0.1935,0.1715,0.1557,0.0896,0.5021,0.0296,0.4108,0.1425,N/A,N/A,1.0055,0.3353,3682,3638,101.2,None,None,None,False,N/A,N/A,749.3,4.914,0.246,0.0,0.0,11385,15783,6301,6379,82.6
mean,0.1933,0.1715,0.1531,0.0891,0.4989,0.0293,0.4078,0.1410,N/A,N/A,1.0056,0.3417,N/A,N/A,101.2000,N/A,N/A,N/A,N/A,N/A,N/A,842.9160,4.4928,0.2245,0.0000,0.0000,12539.2400,16512.6000,7369.0000,9659.2000,83.0800
std,0.0042,0.0042,0.0022,0.0016,0.0080,0.0003,0.0025,0.0012,0.0000,0.0000,0.0004,0.0229,N/A,N/A,0.0000,0.0000,0.0000,0.0000,N/A,N/A,N/A,177.2900,0.7429,0.0371,0.0000,0.0000,1323.2529,1003.6463,2055.9695,6211.2079,5.3942
median,0.1935,0.1715,0.1535,0.0896,0.5021,0.0292,0.4081,0.1411,N/A,N/A,1.0056,0.3353,N/A,N/A,101.2,N/A,N/A,N/A,N/A,N/A,N/A,761.3,4.836,0.242,0.0,0.0,12525,16000,6463,6535,82.6
min,0.1884,0.1661,0.1498,0.0864,0.4854,0.0290,0.4039,0.1398,N/A,N/A,1.0050,0.3134,N/A,N/A,101.2,N/A,N/A,N/A,N/A,N/A,N/A,749.3,3.178,0.159,0.0,0.0,11385,15750,6301,6379,76.9
max,0.1979,0.1762,0.1557,0.0902,0.5061,0.0296,0.4108,0.1425,N/A,N/A,1.0061,0.3655,N/A,N/A,101.2,N/A,N/A,N/A,N/A,N/A,N/A,1158.5,4.914,0.246,0.0,0.0,14690,18082,11042,20694,91.6
